longitude,latitude,domains
-39.308965,-12.991082,AF
-38.968889,-13.122222,AF
-38.378496,-12.796697,AF
-35.2325,-7.096389,out
-44.142384,-23.146046,AF
-44.990816,-21.347,AF
-42.941488,-20.423369,AF
-46.686592,-23.333824,AF
-43.006388,-20.596995,AF
-44.610781,-23.300735,AF
-39.001977,-15.107717,out
-38.005353,-11.879504,AF
-39.09047,-14.103445,AF
-39.012401,-16.365624,AF
-51.961533,-21.256697,out
-42.872314,-20.233205,AF
-35.581562,-9.282227,AF
-34.820592,-7.605987,out
-36.276623,-10.11196,out
-35.869601,-9.79192,AF
-36.365317,-9.568675,AF
-36.448571,-9.539047,out
-35.735668,-9.443112,AF
-39.105156,-15.176492,AF
-44.139041,-19.907419,AF
-41.468495,-20.678316,AF
-36.610277,-10.345526,out
-38.888892,-15.90273,AF
-45.038942,-23.362826,AF
-47.370228,-21.932532,AF
-42.508056,-19.857222,AF
-50.773538,-23.722557,AF
-34.976944,-6.502222,out
-43.833333,-20,AF
-44.833411,-23.362283,AF
-39.755,-16.568,AF
-37.5125,-11.557778,AF
-39.403908,-12.974384,AF
-37.883333,-12.383333,out
-50.160757,-25.400374,AF
-38.61917,-12.648907,AF
-38.303611,-12.813611,AF
-39.033333,-13.483333,AF
-39.014316,-15.690736,AF
-46.358407,-23.524784,AF
-45.037306,-21.661881,AF
-34.834031,-7.734425,out
-42.985222,-21.216722,AF
-40.473599,-20.635557,AF
-42.62044,-19.766923,AF
-40.760292,-16.14217,AF
-42.858776,-20.803501,AF
-42.577457,-19.591131,AF
-44.813812,-22.922649,AF
-36.409542,-9.805081,out
-35.983247,-9.5995,AF
-36.550342,-10.491211,AF
-36.321606,-10.159258,out
-43.488688,-18.574101,AF
-39.333333,-17.183333,AF
-39.151667,-14.024444,AF
-39.08502,-16.304296,AF
-47.599031,-21.725323,AF
-35.156944,-6.102222,out
-37.571094,-11.513091,AF
-49.3163889,-20.7080556,AF
-38.6,-12.95,AF
-43.109821,-22.760151,out
-35.549169,-9.132778,AF
-38.42,-12.951667,AF
-43.137783,-19.799953,AF
-42.438333,-19.513889,AF
-38.733333,-12.433333,AF
-39.516667,-12.933333,AF
-35.50735,-8.714591,AF
-48.416667,-23.45,out
-43.365,-20.284167,AF
-48.644601,-24.697331,AF
-36.581925,-10.287233,out
-38.114727,-11.925093,AF
-47.523116,-23.585573,AF
-49.628233,-21.02583,AF
-35.174444,-8.648611,AF
-35.345142,-8.57402,AF
-47.193959,-23.283875,AF
-34.984866,-8.316122,out
-35.134722,-6.604722,out
-37.702778,-11.619444,AF
-50.866044,-23.589655,AF
-43.599444,-18.574167,AF
-40.793056,-14.848333,AF
-43.497119,-18.483965,out
-44.100906,-21.488006,AF
-48.585389,-23.710853,AF
-43.559944,-18.927222,out
-51.338663,-20.398735,AF
-47.202128,-23.107813,AF
-45.095737,-22.720997,AF
-35.856377,-8.694603,out
-35.806185,-9.337267,AF
-36.231625,-9.740247,AF
-39.156396,-13.776822,AF
-40.473056,-20.059167,AF
-35.414333,-8.697666,AF
-39.266944,-14.47,AF
-39.116667,-14.683333,AF
-39.56169,-16.553624,AF
-44.443475,-22.877868,AF
-36.232211,-9.332981,AF
-36.280919,-10.013889,out
-39.483038,-15.388716,AF
-39.090103,-15.545786,AF
-35.063056,-8.233778,AF
-39.731944,-14.176389,AF
-39.835278,-18.4325,AF
-39.661222,-13.84725,AF
-39.083333,-12.533333,AF
-39.06666,-15.1,AF
-35.196986,-8.823566,AF
-36.434584,-10.315288,out
-42.780639,-15.814444,out
-49.819779,-21.457214,AF
-35.7528,-9.665828,AF
-44.70272,-21.468528,AF
-39.0916,-16.5555,AF
-39.114816,-16.479547,AF
-44.868,-21.1,AF
-44.180806,-21.087083,AF
-46.722014,-23.503061,AF
-44.937144,-21.438192,AF
-43.63231,-20.369625,AF
-37.889444,-11.768333,AF
-42.594722,-19.221389,AF
-34.898908,-6.905756,out
-45.833333,-21.116667,AF
-42.7767,-19.8431,AF
-43.808889,-20.168056,AF
-44.366667,-21.25,AF
-43.000423,-22.519818,AF
-40.690445,-20.412259,AF
-40.481944,-19.7475,AF
-42.523889,-22.484722,AF
-45.9375,-23.075,AF
-42.831111,-22.378333,AF
-41.9125,-21.823889,AF
-42.831389,-22.629722,AF
-49.445802,-28.372512,AF
-48.7802778,-26.1002778,AF
-43.001248,-22.45127,AF
-39.2842,-14.6033,AF
-48.699172,-25.54018,AF
-48.690172,-25.624859,AF
-48.6617,-26.9081,AF
-49.4105556,-27.27,AF
-44.070278,-21.890278,AF
-49.5178,-27.0569,AF
-43.383067,-21.726263,AF
-43.895833,-22.5625,AF
-40.826111,-19.874444,AF
-45.541667,-23.594444,AF
-42.609444,-22.419722,AF
-40.703333,-20.563056,AF
-46.310098,-22.919691,AF
-47.015893,-23.686929,AF
-51.667407,-25.482189,AF
-42.722778,-22.329722,AF
-46.326813,-22.857113,AF
-52.26012,-24.32015,AF
-51.253889,-25.372972,AF
-43.1166667,-22.8833333,AF
-49.283397,-25.658865,AF
-49.32808,-25.208484,AF
-48.87,-26.37,AF
-50.5808334,-27.3591667,AF
-52.170194,-25.951593,AF
-48.550224,-27.719272,AF
-50.58,-26.6408333,AF
-50.7513889,-26.645,AF
-48.8777778,-26.2366666,AF
-48.463558,-25.291608,AF
-47.879483,-24.603706,AF
-49.59578,-25.14148,AF
-49.957262,-29.062457,AF
-51.029885,-26.219017,AF
-48.666667,-25.250001,AF
-49.157618,-25.419851,AF
-48.69,-27.72,AF
-49.136578,-27.903618,AF
-50.691887,-26.968671,AF
-49.766476,-29.084523,AF
-49.3211111,-27.6313889,AF
-49.4105556,-27.54,AF
-49.9505556,-26.6402777,AF
-52.2,-26.46,AF
-51.12,-27.36,AF
-49.86,-29.16,AF
-52.456445,-28.293745,AF
-50.188092,-25.116373,AF
-48.985617,-25.505844,AF
-51.6,-26.416667,AF
-49.930278,-29.316944,AF
-46.501111,-24.005,AF
-44.703682,-22.372816,AF
-50.895,-26.775,AF
-51.411736,-23.527957,AF
-50.43899,-27.258124,AF
-48.781687,-28.480425,AF
-50.240089,-25.194521,AF
-47.254435,-23.833064,AF
-50.255013,-24.246453,AF
-52.375131,-24.056429,AF
-50.022778,-29.178889,AF
-48.602963,-25.903961,AF
-53.100389,-25.691389,AF
-50.412828,-26.179003,AF
-48.69,-27.81,AF
-53.2816667,-26.2822223,AF
-51.9747223,-27.3138889,AF
-51.1627778,-27.6333333,AF
-53.586894,-27.085056,AF
-49.4972222,-28.5291667,AF
-50.5786111,-27.6319445,AF
-44.603744,-21.984939,AF
-48.6905555,-27,AF
-51.454563,-29.176827,AF
-50.331482,-25.856132,AF
-50.361965,-28.881203,AF
-48.715435,-25.442076,AF
-43.499255,-19.917942,AF
-43.527222,-20.463056,AF
-44.682278,-21.590694,AF
-43.785957,-21.30184,AF
-48.66539,-26.363671,AF
-46.7725,-23.663056,AF
-44.871864,-22.53297,AF
-49.100588,-25.225484,AF
-44.9597,-23.0744,AF
-48.8702778,-28.1694445,AF
-43.592558,-20.038327,AF
-47.118344,-23.530901,AF
-52.816084,-23.88625,AF
-51.358924,-23.291409,AF
-51.204698,-23.317178,AF
-51.174262,-22.981501,AF
-48.818297,-24.696227,AF
-46.907512,-23.018769,AF
-53.408603,-23.86922,AF
-53.843598,-25.155287,AF
-47.014141,-22.967357,AF
-46.935556,-23.230278,AF
-47.431182,-21.850732,AF
-46.40461,-23.190559,AF
-47.47442,-22.357523,AF
-48.641481,-23.805347,AF
-54.3562,-25.5962,AF
-48.924444,-21.223611,AF
-45.854239,-22.954083,AF
-45.334266,-23.845587,AF
-48.6,-24.444444,AF
-45.135981,-23.350391,AF
-39.823694,-18.282278,AF
-47.841574,-24.531603,AF
-47.876943,-24.675832,AF
-49.1758334,-26.5522222,AF
-48.78,-26.0086111,AF
-48.923964,-27.124971,AF
-46.824167,-24.041111,AF
-45.522847,-23.10806,AF
-41.573124,-20.372027,AF
-43.34816,-18.39868,AF
-48.211126,-25.287659,AF
-48.786207,-25.382713,AF
-45.739264,-22.268598,AF
-42.082,-16.918181,out
-45.117,-23.417,AF
-44.7875,-23.303889,AF
-40.510556,-19.823611,AF
-44.811552,-21.53559,AF
-45.698889,-23.637778,AF
-40.774924,-19.797048,AF
-40.8799,-20.4146,AF
-40.981111,-19.741389,AF
-39.408056,-15.202778,AF
-42.478729,-20.714414,AF
-44.624212,-21.476275,AF
-43.666667,-20.666667,AF
-39.468889,-13.447778,AF
-46.743204,-23.986286,AF
-47.242058,-24.545629,AF
-48.869902,-25.928931,AF
-49.4105556,-27.3605556,AF
-45.8,-23.316667,AF
-50.117472,-29.171141,AF
-51.339345,-29.201715,AF
-49.391944,-25.747222,AF
-49.633333,-25.466667,AF
-50.854669,-29.311825,AF
-50.454084,-28.716379,AF
-53.877087,-29.633345,out
-48.881678,-24.937913,AF
-50.926111,-28.263333,AF
-49.138977,-25.815208,AF
-49.4108333,-27.6291667,AF
-45.560394,-22.608784,AF
-49.778416,-25.743561,AF
-51.651381,-25.671285,AF
-50.108583,-28.490111,AF
-50.350576,-27.791303,AF
-43.4042,-18.5578,AF
-51.193207,-28.047098,AF
-49.152078,-25.590038,AF
-51.548523,-27.023077,AF
-46.646181,-23.892913,AF
-50.129444,-26.999444,AF
-47.55,-22.566667,AF
-48.961944,-25.888056,AF
-44.660533,-22.764317,AF
-48.954444,-26.039167,AF
-49.5094444,-27.2822223,AF
-44.566667,-22.416667,AF
-48.7808334,-27.81,AF
-49.0283334,-27.2644444,AF
-48.844524,-25.232705,AF
-45.654846,-22.684688,AF
-40.8556,-19.8019,AF
-39.163566,-14.264935,AF
-39.4592,-13.8908,AF
-43.828333,-22.803056,AF
-43.982725,-20.710864,AF
-45.407483,-20.455965,AF
-43.978642,-20.196825,AF
-43.778,-19.877,AF
-44.80823,-22.359081,AF
-41.808251,-20.548707,AF
-42.562747,-22.204393,AF
-46.7,-23.583333,AF
-46.945445,-23.714883,AF
-42.956954,-21.430238,AF
-49.2243,-26.1502,AF
-48.4,-24.3,AF
-40.687075,-14.867597,AF
-44.635556,-22.4375,AF
-42.39,-22.41,AF
-39.663333,-13.156111,AF
-44.728081,-22.912411,AF
-48.717856,-24.856149,AF
-43.249763,-19.58372,AF
-41.193212,-20.895144,AF
-44.582222,-22.664722,AF
-39.631389,-16.838611,AF
-34.948442,-8.005063,out
-40.697222,-20.043333,AF
-47.109603,-22.821541,AF
-40.534722,-19.3325,AF
-46.175321,-23.430883,AF
-40.071,-19.3213,AF
-39.5815229,-17.0363517,AF
-43.318565,-21.746825,AF
-43.291,-22.422,AF
-44.745085,-21.992837,AF
-48.7619444,-27.8788889,AF
-48.87,-27.63,AF
-48.6894444,-27.5402777,AF
-43.894807,-20.087486,AF
-34.941667,-7.941667,out
-34.808611,-7.470833,out
-34.855056,-7.367861,out
-35.671997,-9.587351,AF
-40.766427,-19.479637,AF
-47.431955,-22.019483,AF
-51.780276,-20.97377,out
-38.030924,-12.576073,AF
-38.983314,-14.108132,AF
-35.142814,-6.389763,out
-36.049232,-8.985084,out
-35.250925,-8.971988,AF
-39.371809,-12.915732,AF
-39.358786,-17.116127,AF
-38.6372,-12.784585,AF
-40.070526,-19.153149,AF
-41.033475,-20.071025,AF
-46.392499,-23.450701,AF
-37.853611,-12.151944,AF
-35.156481,-7.04171,out
-49.493986,-21.403651,AF
-38.930556,-13.943056,AF
-39.045278,-13.694722,AF
-37.6,-11.8,out
-50.223314,-24.909193,AF
-39.920556,-18.850278,AF
-49.65853,-24.203251,out
-46.741279,-23.372511,AF
-40.409209,-20.591903,AF
-38.433333,-12.133333,out
-45.465832,-23.184885,AF
-41.812568,-19.729407,AF
-40.647778,-19.022778,AF
-38.993109,-15.359785,AF
-39.29139,-17.802777,AF
-36.076904,-9.78069,AF
-38.483333,-12.5,AF
-36.511489,-8.888694,out
-43.233333,-22.516667,AF
-43.323234,-22.68022,AF
-35.615143,-8.663584,AF
-40.210771,-20.212469,AF
-40.262999,-20.111442,AF
-40.0722,-19.3911,AF
-37.084583,-10.964444,AF
-37.979444,-12.374444,AF
-43.884444,-20.181944,AF
-49.3925,-21.860278,AF
-51.407222,-20.361111,AF
-48.303611,-18.606389,AF
-35.824439,-9.563328,AF
-34.980118,-7.591641,out
-35.262222,-6.388889,out
-37.2081,-10.4583,AF
-37.350139,-11.100917,out
-44.881846,-21.342355,AF
-44.65,-22.633333,AF
-43.193716,-20.378583,AF
-50.225556,-24.13474,AF
-37.19164,-10.5323,AF
-49.566667,-20.866667,AF
-44.466667,-19.883333,AF
-45.020278,-21.753056,AF
-49.393889,-21.391111,AF
-47.0202,-23.1028,AF
-34.985711,-7.706258,out
-35.723727,-8.860611,AF
-35.608367,-9.491182,AF
-47.168,-21.281,AF
-37.148333,-10.688611,AF
-43.560811,-22.595597,AF
-43.2075,-22.9028,AF
-40.327778,-20.426944,AF
-45.17342,-23.491844,AF
-43.439895,-20.336513,AF
-38.359444,-12.065,out
-45.86817,-23.244839,AF
-46.770772,-23.598555,AF
-39.138239,-14.803816,AF
-40.376944,-19.889444,AF
-39.25,-16.5,AF
-35.697958,-8.576858,out
-35.913415,-9.616854,AF
-35.870639,-9.214444,AF
-39.2803,-14.7858,AF
-39.576198,-16.472607,AF
-39.961104,-19.138966,AF
-39.8589,-18.7161,AF
-39.331389,-13.913889,AF
-34.881111,-8.054167,out
-39.466667,-13.683333,AF
-39.1814,-15.0684,AF
-39.140614,-14.622056,AF
-39.341667,-15.173611,AF
-35.95,-9.255833,AF
-39.207222,-17.019444,AF
-35.888806,-8.801082,AF
-35.531767,-9.23,AF
-39.6325,-13.618889,AF
-39.210827,-16.09722,AF
-35.185833,-8.723056,AF
-35.023611,-7.790833,AF
-35.793898,-8.790555,AF
-39.069167,-14.781944,AF
-35.529981,-9.43466,AF
-44.3527793884,-21.4727802277,AF
-40.2664,-20.2667,AF
-36.378889,-9.9425,out
-35.142056,-6.741861,out
-39.20924,-14.795947,AF
-46.609226,-23.587045,AF
-47.846843,-23.373602,AF
-46.644319,-23.510765,AF
-38.9439583,-13.6189611,AF
-39.245,-17.614444,AF
-48.115682,-18.791726,AF
-38.666386,-13.001059,AF
-35.822697,-9.5,AF
-47.628492,-23.431664,AF
-45.040636,-21.139632,AF
-42.8075,-22.561389,AF
-47.256819,-22.846742,AF
-44.955546,-21.726831,AF
-43.867648,-20.457641,AF
-36.558841,-9.944949,out
-44.06562,-20.70469,AF
-43.722613,-20.356864,AF
-44.269138,-19.933904,AF
-45.045556,-23.195833,AF
-40.780556,-20.067222,AF
-45.945278,-23.330333,AF
-41.709618,-20.892169,AF
-45.691551,-22.065743,AF
-43,-21.7,AF
-40.129,-14.411,AF
-42.436111,-22.327222,AF
-41.4131,-20.4642,AF
-41.259795,-20.379686,AF
-45.954444,-22.910833,AF
-40.113093,-13.949583,AF
-47.1,-23.966667,AF
-49.680392,-27.180222,AF
-46.196521,-23.498413,AF
-41.688269,-20.62137,AF
-47.550861,-24.027917,AF
-44.566667,-22.25,AF
-47.04905,-24.071539,AF
-43.626918,-21.520777,AF
-49.416881,-25.592561,AF
-48.751111,-25.243889,AF
-48.576588,-27.172676,AF
-50.612879,-23.924901,AF
-52.312389,-24.107694,AF
-53.639972,-25.056361,AF
-51.845306,-25.930167,AF
-51.555,-24.970444,AF
-52.573889,-24.505389,AF
-49.413611,-24.566944,AF
-51.593056,-26.305833,AF
-45.539482,-22.71112,AF
-49.0977777,-26.2238889,AF
-50.7616667,-27.4508333,AF
-50.9408333,-27.4494444,AF
-52.1997222,-26.9997222,AF
-52.5641667,-26.4605556,AF
-49.799981,-29.232543,AF
-49.217649,-25.295569,AF
-48.669111,-27.232866,AF
-46.1447,-22.7553,AF
-50.902716,-24.193433,AF
-49.3388889,-26.6036111,AF
-50.31,-26.73,AF
-50.6744445,-26.8197223,AF
-50.5802778,-26.3813889,AF
-51.188611,-27.930278,AF
-53.520689,-26.755259,AF
-49.0553,-25.3058,AF
-54.348919,-24.852192,AF
-49.053033,-25.439593,AF
-49.541704,-25.689504,AF
-48.55768,-25.247709,AF
-50.64097,-28.65425,AF
-45.936667,-22.713889,AF
-49.7380555,-27.5936111,AF
-50.694928,-24.393714,AF
-51.0147,-26.7756,AF
-49.8053,-26.1117,AF
-49.3208334,-28.8902777,out
-50.94,-27.36,AF
-49.5,-28.62,AF
-49.48239,-25.33061,AF
-44.252123,-21.141217,AF
-45.299991,-22.599987,AF
-49.280742,-25.560345,AF
-50.959388,-25.296854,AF
-52.4246,-25.405952,AF
-49.2127778,-27.1180556,AF
-43.397161,-23.010952,AF
-51.403674,-28.995914,out
-50.294185,-24.859051,AF
-47.695034,-23.810087,AF
-45.457835,-22.723727,AF
-48.828772,-25.488073,AF
-47.742222,-24.815,AF
-50.535834,-27.286346,AF
-50.573975,-29.455204,AF
-52.498968,-23.950358,AF
-46.772455,-23.899916,AF
-52.87,-26.38,AF
-45.415708,-23.818425,AF
-48.499985,-27.539248,AF
-48.8697223,-27.0055556,AF
-51.1172223,-27.7169445,AF
-48.78,-27.72,AF
-51.9302778,-26.64,AF
-46.611333,-21.7762,AF
-44.316742,-22.031884,AF
-50.448494,-29.649408,out
-46.545919,-23.498924,AF
-47.571972,-24.703788,AF
-50.94,-27.63,AF
-51.3880555,-27.2697223,AF
-49.4088889,-28.6219445,AF
-49.2322223,-28.6191667,AF
-49.375,-28.01,AF
-50.0394444,-27.5402777,AF
-51.548158,-26.166868,AF
-50.823585,-28.898788,AF
-44.611772,-21.327271,AF
-43.696389,-20.488889,AF
-43.657778,-20.109167,AF
-43.38891,-18.621946,AF
-46.783333,-24.166667,AF
-48.952519,-26.804488,AF
-48.236861,-25.46975,out
-48.637505,-25.959361,AF
-45.37,-23.41,AF
-49.134583,-27.026611,AF
-47.009199,-24.345705,AF
-47.078842,-24.38048,AF
-49.4119444,-28.2597222,AF
-48.87,-28.44,AF
-43.539831,-20.377683,AF
-47.538922,-22.672564,AF
-53.087069,-23.767614,AF
-46.723192,-20.88823,AF
-50.597634,-24.326798,AF
-49.1894444,-26.9197223,AF
-47.348864,-23.121553,AF
-44.791858,-22.548802,AF
-45.333333,-22.488889,AF
-52.225673,-26.325994,AF
-52.479831,-25.353569,AF
-53.07371,-25.772545,AF
-51.140521,-23.346714,AF
-49.2705556,-26.9502778,AF
-51.968742,-23.010798,AF
-52.106533,-23.929926,AF
-51.95,-23.916667,AF
-46.974722,-23.036111,AF
-41.929444,-21.519444,AF
-49.378,-23.391,AF
-43.524444,-22.483889,AF
-43.888805,-22.011409,AF
-40.3215,-19.5803,AF
-44.734722,-23.182222,AF
-43.466667,-22.566667,AF
-46.535688,-23.691503,AF
-48.806349,-27.551462,AF
-47.850833,-24.879444,AF
-43.483333,-21.933333,AF
-47.783123,-24.641688,AF
-46.415299,-23.806305,AF
-47.9267,-25.0147,AF
-47.966514,-25.140513,AF
-49.77,-26.8216667,AF
-46.39872,-23.996543,AF
-48.6163886,-26.1172,AF
-45.05,-21.6,AF
-48.598722,-25.694167,AF
-42.586478,-22.353674,AF
-47.931405,-25.078091,AF
-49.4286111,-26.7855555,AF
-48.7766667,-26.5480555,AF
-43.275432,-22.925745,AF
-49.049167,-27.179722,AF
-39.5361,-14.7703,AF
-41.474106,-20.36322,AF
-40.862,-20.292,AF
-44.781667,-22.455556,AF
-46.883611,-23.640833,AF
-40.859722,-19.992778,AF
-41.115278,-18.921111,AF
-40.614444,-20.173056,AF
-41.203889,-21.3425,AF
-43.953837,-20.262654,AF
-40.6075,-19.931389,AF
-49.007763,-27.548645,AF
-48.705664,-27.610669,AF
-42.9125,-22.48222222,AF
-44.5633010864258,-22.4960994720459,AF
-42.5311012268066,-22.2819004058838,AF
-47.994149,-25.210336,AF
-46.489917,-23.743611,AF
-46,-23.5833333,AF
-45.848812,-23.570167,AF
-46.679032,-23.729205,AF
-49.0416666,-26.5336111,AF
-48.670767,-26.071833,AF
-49.0486111,-26.3697223,AF
-49.027896,-27.056024,AF
-52.833846,-29.660785,out
-49.633333,-24.133333,AF
-49.236765,-25.442363,AF
-49.3049,-25.4169,AF
-45.1761,-22.6136,AF
-49.969159,-25.172096,out
-51.1219445,-27.8108333,AF
-50.4,-26.64,AF
-49.808659,-25.551418,AF
-51.191053,-26.074497,AF
-46.509216,-23.811916,AF
-51.09141,-29.106536,AF
-49.026,-25.059,AF
-50.390567,-29.423391,AF
-51.757822,-26.577875,AF
-49.3791667,-26.4219445,AF
-49.883208,-27.766879,AF
-48.87,-27.45,AF
-49.8583333,-26.4594444,AF
-49.9975,-25.2527778,out
-49.699092,-25.779965,AF
-50.983124,-29.067645,AF
-50.982906,-28.875337,AF
-51.156076,-29.141,AF
-45.076565,-22.465227,AF
-48.87106,-26.819808,AF
-49.0047,-25.3878,AF
-49.148214,-27.683639,AF
-49.2494444,-26.2213889,AF
-49.14,-27.4497222,AF
-39.603333,-14.705833,AF
-39.216667,-14.416667,AF
-45.273992,-21.697788,AF
-43.689722,-20.048056,AF
-44.765255,-21.152429,AF
-43.076211,-22.475742,AF
-40.682509,-16.201495,AF
-41.865853,-17.450429,AF
-46.679136,-22.62171,AF
-50.2177778,-27.1825,AF
-46.395975,-23.053218,AF
-44.985425,-23.239583,AF
-48.082059,-24.232154,AF
-47.237619,-23.662734,AF
-44.333088,-22.257226,AF
-43.152356,-22.513021,AF
-40.793333,-19.187222,AF
-40.888889,-20.629444,AF
-41.583333,-19.25,AF
-43.58996,-19.956914,AF
-45.297825,-23.23744,AF
-44.878916,-22.462827,AF
-44.981667,-22.462778,AF
-49.072474,-24.884437,AF
-41.220908,-20.718568,AF
-34.940202,-7.793488,out
-44.310833,-22.343611,AF
-45.638467,-22.606944,AF
-42.346111,-22.532222,AF
-43.354824,-21.98117,AF
-40.812778,-18.871389,AF
-42.275807,-22.511078,AF
-41.591115,-20.634074,AF
-39.711,-13.578,AF
-35.899683,-8.955641,AF
-42.331912,-21.039543,AF
-40.7575,-19.973611,AF
-41.509996,-20.971138,AF
-42.85,-19.766668,AF
-40.643377,-19.735167,AF
-44.576667,-21.603889,AF
-41.736111,-20.394444,AF
-49.037993,-24.983668,AF
-49.3666667,-27.0502778,AF
-46.730278,-23.836111,AF
-44.891667,-22.390556,AF
-44.466308,-22.163838,AF
-48.6902777,-27.3613889,AF
-45.771389,-23.544167,AF
-43.816944,-20.878056,AF
-47.029581,-23.783278,AF
-47.508056,-23.976257,AF
-49.14,-27.27,AF
-48.78,-28.08,AF
-34.863056,-7.115,out
-42.567043,-19.715495,AF
-45.416667,-20.216667,AF
-34.9075,-7.26,out
-39.062855,-13.33704,AF
-39.329646,-13.308607,AF
-35.102563,-6.796356,out
-41.943889,-21.963333,AF
-36.313219,-9.783164,out
-39.22622,-15.480955,AF
-37.274072,-11.292319,AF
-34.961874,-8.071444,out
-34.825912,-7.19433,out
-47.540528,-22.410462,AF
-51.707251,-20.825208,out
-39.65,-13.083333,AF
-41.370413,-20.711783,AF
-36.836718,-10.695219,AF
-38.299147,-12.530499,AF
-43.304003,-22.555355,AF
-40.546389,-20.123056,AF
-40.4306,-13.4411,AF
-35.066548,-6.224603,out
-37.253,-10.4107,AF
-37.448333,-11.350833,AF
-37.206389,-11.014722,AF
-35.1988889,-5.9280556,out
-45.074064,-23.539998,AF
-48.9909,-24.6573,AF
-40.617311,-20.814728,AF
-38.5,-12.966667,AF
-39.383333,-15.966667,AF
-39.133333,-13.716667,AF
-39.156111,-13.877222,AF
-48.746412,-25.311203,AF
-50.147151,-24.685415,AF
-46.583758,-23.331755,AF
-42.610375,-21.930898,AF
-37.733333,-12.01,AF
-42.486,-19.753,AF
-36.642361,-10.009722,out
-38.726024,-12.585133,AF
-34.980305,-6.649817,out
-35.073805,-8.647685,AF
-40.573917,-20.721667,AF
-37.405556,-10.826111,out
-42.271479,-22.581967,AF
-35.896731,-9.709714,AF
-36.476217,-9.922986,out
-35.9592,-9.193056,AF
-48.675326,-25.319185,AF
-39.475544,-12.854008,AF
-43.217387,-22.807188,AF
-43.309249,-21.869348,AF
-43.415316,-20.23367,AF
-35.301989,-8.633458,AF
-35.045871,-7.55745,out
-48.4251,-18.585364,AF
-35.245833,-5.873611,out
-35.28,-8.82,AF
-35.1,-7.92,AF
-37.4348,-11.2731,AF
-44.274722,-21.875833,AF
-40.600349,-20.389054,AF
-34.944991,-8.175808,out
-44.419566,-22.477181,AF
-35.824225,-9.408531,AF
-37.5,-11.3,AF
-47,-23.269783,AF
-39.254167,-17.215014,AF
-44.110833,-19.98,AF
-45.247141,-23.547916,AF
-43.470181,-22.784918,AF
-35.996433,-9.850758,AF
-36.950873,-10.58368,AF
-43.44164,-20.412972,AF
-45.602016,-22.752333,AF
-35.71633,-8.490026,out
-37.734722,-11.771389,out
-39.569889,-13.742278,AF
-34.873729,-7.93136,out
-39.138,-14.518,AF
-36.313333,-9.623056,AF
-39.703334,-18.42089,AF
-38.985179,-14.291026,AF
-35.017432,-7.945131,AF
-34.998,-7.848583,AF
-40.3378,-20.3194,AF
-39.181667,-17.101111,AF
-47.169767,-22.922308,AF
-39.01555,-14.23,AF
-45.850355,-21.420565,AF
-41.082534,-16.410362,AF
-39.0617,-14.4231,AF
-43.6536102295,-18.6397190094,out
-35.23,-6.08,out
-45.88,-23.1703,AF
-55.320619,-23.118472,AF
-43.2485756,-19.9480039,AF
-47.397904,-22.084451,AF
-44.716135,-21.297508,AF
-42.608521,-22.588381,AF
-35.082511,-6.967619,out
-41.858333,-21.936944,AF
-35.786727,-9.240635,AF
-36.240629,-9.423,AF
-36.351564,-9.220394,out
-39.333333,-14.133333,AF
-40.320206,-19.808468,AF
-39.193063,-14.706123,AF
-39.181026,-16.368949,AF
-40.228617,-19.027089,AF
-39.058982,-14.605634,AF
-38.468992,-12.422998,AF
-39.754444,-17.735278,AF
-39.624694,-13.931667,AF
-36.302306,-9.3375,out
-39.066667,-15.283333,AF
-39.975238,-13.504396,AF
-39.243637,-15.151378,AF
-42.056723,-22.426752,AF
-35.154246,-8.563351,AF
-36.106472,-9.027,out
-40.460436,-20.374888,AF
-35.545237,-8.230664,out
-39.689091,-13.518442,AF
-38.461105,-12.892902,AF
-39.415,-16.867222,AF
-40.57472,-15.26444,AF
-35.178495,-8.059292,AF
-35.247801,-7.412178,out
-39.147222,-16.606389,AF
-48.182916,-18.65077,AF
-43.028557,-22.578562,AF
-42.083333,-22.2,AF
-39.1387939,-16.4206361,AF
-44.870703,-21.963635,AF
-47.484992,-23.39414,AF
-39.062938,-14.852912,AF
-43.045,-18.134722,AF
-43.395556,-19.836667,AF
-44.009913,-20.033023,AF
-47.495325,-23.26965,AF
-53.654819,-22.917324,AF
-37.3430555556,-10.7538888889,out
-37.051389,-10.519472,out
-38.316667,-12.683333,AF
-37.301767,-11.215237,AF
-44.087933,-21.057856,AF
-43.916844,-19.893565,AF
-45.478333,-21.116111,out
-44.683972,-23.281867,AF
-40.596389,-20.054167,AF
-40.683611,-19.931111,AF
-42.21,-22.32,AF
-40.925804,-20.176442,AF
-47.092482,-23.714883,AF
-44.36088,-22.78053,AF
-43.0406,-22.6531,AF
-48.957748,-26.211797,AF
-39.602222,-13.03,AF
-40.525,-20.267778,AF
-49.31727,-24.705662,AF
-48.598465,-27.365584,AF
-48.506147,-24.753438,AF
-39.5653,-15.3917,AF
-48.7786111,-26.8225,AF
-49.421389,-28.136944,AF
-43.864207,-22.691518,AF
-51.254608,-23.445185,AF
-41.085833,-20.381111,AF
-48.96,-27.4497222,AF
-39.3342,-15.4294,AF
-43.805046,-21.909575,AF
-46.381111,-21.952778,AF
-49.499973,-28.009949,AF
-52.264237,-27.635478,AF
-49.316667,-28.683333,AF
-49.001298,-27.688085,AF
-49.240056,-25.18425,AF
-51.748917,-24.780389,AF
-48.2977,-25.1752,AF
-53.444247,-24.958601,AF
-48.546296,-25.82127,AF
-48.69,-26.46,AF
-48.9619444,-26.28,AF
-50.1325,-27.275,AF
-50.302056,-26.217659,AF
-49.508429,-25.441828,AF
-44.286071,-23.177469,AF
-42.015,-21.961944,AF
-50.2336111,-27.3611111,AF
-49.59,-27.81,AF
-51.201667,-25.303056,AF
-50.05,-25.35,AF
-49.238125,-25.913527,AF
-49.979662,-29.399172,AF
-48.6163889,-26.8019444,AF
-51.278964,-23.300131,AF
-50.0380555,-27.0922222,AF
-49.5005556,-27.6302778,AF
-48.78,-28.26,AF
-49.5002778,-26.9102778,AF
-51.4767,-25.6686,AF
-44.301639,-20.128026,AF
-47.624078,-24.309491,AF
-46.719933,-21.945538,AF
-48.679141,-26.252549,out
-51.156767,-29.264193,out
-48.809444,-26.442417,AF
-45.44808,-22.80463,AF
-48.579182,-25.553525,AF
-46.386111,-22.888889,AF
-46.564722,-21.838889,AF
-44.6525,-22.245,AF
-50.870995,-29.379838,AF
-48.8456,-26.3044,AF
-51.215278,-28.148889,AF
-49.2147222,-26.2947222,AF
-49.0719445,-26.9213889,AF
-52.750583,-23.921861,AF
-52.431944,-24.005833,AF
-51.194884,-23.909364,AF
-48.7802778,-26.9997222,AF
-48.69,-27.45,AF
-51.4825,-26.8180556,AF
-45.739187,-22.688701,AF
-50.895,-27.9902777,AF
-49.5886111,-28.7080556,AF
-50.67,-28.2602778,AF
-51.0338889,-27.8519444,AF
-50.13,-27.5408333,AF
-46.264506,-21.411554,AF
-51.338611,-29.276126,AF
-50.681022,-25.241012,AF
-49.95251,-29.159487,AF
-52.895625,-27.524146,out
-48.326694,-25.294518,AF
-43.71107,-20.55535,AF
-43.902718,-21.713469,AF
-41.829139,-20.481247,AF
-43.420983,-18.912313,AF
-43.37722,-20.384715,AF
-43.855278,-20.741667,AF
-48.504667,-27.778979,AF
-46.896558,-24.246741,AF
-50.2202778,-26.91,AF
-49.3936111,-27.1802778,AF
-49.03268,-26.192699,AF
-48.303838,-25.558677,AF
-48.78,-27.99,AF
-43.315089,-18.456893,AF
-44.999444,-21.245278,AF
-43.429604,-19.063374,AF
-46.986549,-22.825058,AF
-51.167007,-23.171261,AF
-49.3597222,-26.9286111,AF
-51.45555,-23.424138,AF
-53.346329,-23.228096,AF
-52.859444,-22.618333,AF
-54.425,-25.625,AF
-51.967563,-23.435587,AF
-44.128656,-22.736562,AF
-53.633,-24.667,AF
-50.996347,-23.600786,AF
-50.566585,-23.161861,AF
-45.431056,-22.960203,AF
-50.972589,-23.304912,AF
-46.967118,-22.896589,AF
-49.2766667,-26.3630556,AF
-53.401,-25.3003,AF
-50.969155,-23.529978,AF
-54.277384,-22.484054,AF
-47.0608,-22.9056,AF
-46.781467,-23.739563,AF
-48.015183,-25.089404,AF
-47.926389,-24.183611,AF
-49.2683334,-27.0475,AF
-49.269542,-24.826202,AF
-40.319806,-20.157849,AF
-45.553056,-23.759722,AF
-48.52,-25.7,AF
-48.3186,-25.4689,AF
-47.649444,-24.708889,AF
-42.511621,-22.400861,AF
-41.148609,-20.299204,AF
-48.649713,-24.550199,AF
-39.021944,-13.172778,AF
-48.705023,-27.969487,AF
-49.1369444,-27.3605556,AF
-43.4153,-19.9594,AF
-44.903174,-21.158212,AF
-39.047382,-13.558721,AF
-49.3205556,-27.1802778,AF
-43.589333,-18.674111,out
-39.833333,-16.5,AF
-40.545564,-19.888659,AF
-43.133333,-18.1,AF
-43.5081,-20.2878,AF
-43.296111,-22.4875,AF
-45.623889,-23.703333,AF
-48.407778,-24.634722,AF
-43.626944,-20.522222,AF
-40.054444,-16.406389,AF
-48.426232,-25.17565,AF
-44.00748,-21.156491,AF
-43.023611,-22.757222,AF
-44.3180999755859,-23.0067005157471,AF
-48.820226,-25.573873,AF
-47.993333,-24.538889,AF
-48.004281,-24.062487,AF
-48.554339,-25.017944,AF
-49.158989,-26.735425,AF
-45.438721,-23.600818,AF
-46.774722,-23.454167,AF
-49.635556,-28.084722,AF
-49.728889,-25.526389,out
-50.923063,-27.018449,AF
-50.835895,-24.650194,AF
-49.519722,-28.077778,AF
-50.634914,-29.0975,AF
-49.710571,-25.458331,out
-49.829143,-25.61983,AF
-48.390037,-25.593568,AF
-50.129089,-25.037172,out
-48.8719445,-27.8983333,AF
-51.2122222,-27.7233334,AF
-49.5905555,-26.6402777,AF
-47.714531,-24.187247,AF
-49.375176,-25.423409,AF
-50.34077,-28.02098,AF
-49.811111,-25.374639,out
-51.04391,-25.471479,AF
-51.157839,-26.482259,AF
-51.815028,-29.600087,out
-49.833333,-25.300833,AF
-48.918672,-25.439322,AF
-49.118361,-24.311533,AF
-50.282361,-25.287974,AF
-44.666667,-22.066667,AF
-44.813611,-23.139722,AF
-45.264444,-23.439167,AF
-40.531545,-19.969888,AF
-41.843247,-20.419667,AF
-46.445117,-20.929116,AF
-46.458592,-21.805578,AF
-45.927027,-21.381975,AF
-43.678611,-18.751111,out
-44.881944,-21.274722,AF
-41.399999,-20.3,AF
-44.605825,-22.869713,AF
-46.637861,-23.417031,AF
-46.325406,-23.585001,AF
-47.201695,-23.942839,AF
-44.199386,-21.936005,AF
-43.879087,-21.645311,AF
-43.40808,-21.647895,AF
-43.366954,-21.79311,AF
-40.868611,-19.169167,AF
-43.850549,-20.237823,AF
-44.216667,-21.333333,AF
-45.266945,-22.526945,AF
-44.616103,-22.345835,AF
-41.1847,-20.6036,AF
-44.164444,-22.903333,AF
-34.874259,-7.82827,out
-41.0875,-20.519444,AF
-41.755278,-20.4925,AF
-40.174552,-19.924642,AF
-40.464093,-19.278933,AF
-42.614861,-21.517389,AF
-46.671789,-22.695449,AF
-42.033356,-20.766768,AF
-45.769265,-21.559268,AF
-42.834167,-22.458056,AF
-44.7126,-22.5246,AF
-49.357,-23.009,AF
-40.4524,-20.293,AF
-43.051517,-21.532852,AF
-45.866667,-23.633333,AF
-46.4097,-23.71,AF
-40.472222,-19.914167,AF
-42.258601,-20.73002,AF
-40.9583,-20.2854,AF
-40.996667,-20.387745,AF
-39.880556,-13.328889,AF
-47.021214,-24.177086,AF
-46.621883,-23.654505,AF
-49.5886111,-26.9119444,AF
-44.107295,-22.137435,AF
-42.689167,-22.267778,AF
-43.912334,-20.005994,AF
-48.8713889,-27.7188889,AF
-43.695842,-21.801519,AF
-49.298889,-28.285278,AF
-47.5844444,-15.1844444,out
-64.12,4.45,out
-61.49055,-13.72277,out
-68.912844,-12.951867,out
-46.836857,-18.111212,out
-41.143056,-12.34,out
-67.41666,6.41666,out
-57.00362,-19.451855,out
-60.729085,-17.77189,out
-60.040379,-12.937051,out
-48.158864,-22.657802,out
-66.937636,2.669895,out
-78.486923,-3.406097,out
-88.346603,16.905385,out
-47.78238,-22.188603,out
-51.851332,-20.064783,out
-64.699902,-9.32963,out
-48.514477,-0.70849,out
-47.903758,-22.29307,out
-49.286086,-8.23704,out
-44.603048,-12.233633,out
-45.226202,-7.575054,out
-39.43779,-7.20475,out
-48.206051,-10.683241,out
-77.2116,-6.048306,out
-64.983196,-9.700136,out
-59.103139,2.84348,out
-61.05844,5.808981,out
-57.506577,1.838266,out
-49.137753,-23.910634,out
-56.147157,1.2479,out
-55.170891,4.943112,out
-39.055138,-7.417338,out
-52.326646,4.736438,out
-66.155728,-12.231806,out
-46.77572,-0.970366,out
-71.845436,8.808251,out
-53.33,4.6,out
-50.183278,-10.923526,out
-49.6397,-20.6203,out
-76.413796,3.733857,out
-44.356856,-18.236474,out
-55.73,-15.43,out
-49.066667,-11.733333,out
-52.265981,-15.910931,out
-42.492852,-8.774322,out
-46.133592,-20.643368,out
-55.433056,-10.885833,out
-48.66,-10.19,out
-46.974598,-18.75575,out
-48.96,-9.18,out
-47.871914,-22.196058,out
-49.082778,-8.807778,out
-47.497222,-10.705833,out
-46.5158333,-10.4147222,out
-36.967778,-8.445278,out
-60.916667,-14.55,out
-40.762427,-11.216089,out
-48.245278,-19.013611,out
-43.493982,-16.883925,out
-51.020265,-1.851133,out
-41.377108,-13.006676,out
-47.942795,-19.735122,out
-41.766667,-13.383333,out
-68.75,6.16666,out
-67.3666667,3.6666667,out
-48.9407,-20.0248,out
-44.016608,-16.435519,out
-41.308,-12.303,out
-38.8125,-4.213611,out
-48.416667,-22.75,out
-80.7147,22.2594,out
-80.1856,21.9919,out
-68.007337,-15.578954,out
-42.188917,-11.58245,out
-40.523333,-11.452222,out
-39.016667,-16.266667,out
-54.530978,-1.493179,out
-42.892195,-16.589533,out
-60.1333,4.98333,out
-47.9166667,-16.8,out
-52.9,4.33,out
-65.71,3.8,out
-49.85311,-15.9333,out
-52.11835,-14.606849,out
-52.566667,-13.2,out
-51.77,-17.32,out
-47.73004,-15.7833,out
-59.871444,-13.185981,out
-53.344444,-13.202778,out
-59.25,2.16,out
-70.623637,19.002008,out
-47.531756,-14.036646,out
-46.62,-5.940003,out
-84.3014,9.90409,out
-53.444522,-17.717116,out
-51.616667,-17.714722,out
-49.080278,-24.073333,out
-60.9791667,5.125,out
-67.38285,-10.081997,out
-47.765836,-1.675947,out
-56.056143,-13.837784,out
-47.433333,-20.216667,out
-45.75,-13,out
-39.118333,-7.459722,out
-47.45192,-20.121554,out
-47.334303,-21.096232,out
-66.7,4.266667,out
-91.15087,16.855101,out
-44.639078,-8.865694,out
-39.5325,-7.216389,out
-47.584564,-21.45576,out
-47.712044,-15.606744,out
-48.423611,-15.674444,out
-46.002778,-15.364722,out
-66.13,5.75,out
-62.855381,6.265457,out
-67.45,5.55,out
-52.2975,-9.744444,out
-61.618062,6.708878,out
-55.097108,-20.735708,out
-63.23333,-17.56666,out
-63.6666667,-17.3833333,out
-56.5666667,-22.8,out
-56.499803,-23.437074,AF
-41.106863,-4.284444,out
-51.811447,3.89474,out
-52.45,4.83,out
-52.5817,-1.5233,out
-48.96188,-16.240105,out
-51.866667,-12.9,out
-47.870803,-15.578919,out
-52.292222,-17.135833,out
-47.589444,-11.074167,out
-53.4116667,-18.1583333,out
-60.73722,-14.52111,out
-52.9925,-18.4011111,out
-78.7386,-5.1606,out
-49.306385,-8.336805,out
-50.525891,-8.961103,out
-54.723732,-20.447302,out
-53.425302,-19.753065,out
-65.2821538,-9.7949164,out
-48.23,-16.03,out
-50.5,-10.5,out
-47.466667,-6.833333,out
-53.96666,-19.5,out
-83.4833,13.925,out
-44.341839,-2.577203,out
-51.443371,0.701031,out
-51.766667,-12.816667,out
-48.737824,-15.76124,out
-60.9883,-1.4822,out
-51.546413,-17.150894,out
-48.093611,-12.586389,out
-47.686389,-13.240556,out
-46.794444,-12.2475,out
-48.500278,-8.956111,out
-48.159444,-10.279722,out
-45.868033,-8.737817,out
-40.265833,-10.242778,out
-46.644167,-8.332778,out
-63.5166667,9.75,out
-47.781206,-21.773063,out
-63.236779,0.2457325,out
-48.9528,-16.3269,out
-52.600798,-0.881233,out
-45.2369,-15.4958,out
-46.75,-13,out
-52.083093,-18.450561,out
-63.366667,0.7,out
-57.671566,-19.208706,out
-49.851653,-6.529972,out
-48.284145,-10.237765,out
-67.78,-16.22,out
-51.995278,-18.439444,out
-56.808076,-14.839872,out
-56.3,-14.17,out
-56.5416984558105,-12.7849998474121,out
-56.466667,-12.816667,out
-56.5,-13.85,out
-55.066667,-15.016667,out
-47.862671,-15.915273,out
-52.573889,-18.428333,out
-82.450044,8.776714,out
-61.239236,7.563322,out
-48.868,-22.651,out
-48.744864,-23.160442,out
-47.42,-7.13,out
-47.665622,-8.433857,out
-47.7,-9.18,out
-48.314398,-19.000677,out
-65.988997,-11.010648,out
-66.4,1.416667,out
-48.023889,-18.655278,out
-75.8619444,5.9802778,out
-43.889665,-19.800495,out
-48.026944,-13.364444,out
-83.333487,14.099408,out
-76.534022,-8.105552,out
-59.774444,-14.635861,out
-59.704139,-14.695111,out
-60.16666,-12.83333,out
-69.778506,4.433985,out
-64.75,3.26667,out
-42.505278,-14.088611,out
-41.6,-13.15,out
-41.333333,-10.333333,out
-41.9,-13.533333,out
-50.061356,-16.031259,out
-55.91975,-1.442652,out
-43.083333,-16.75,out
-48.562778,-6.169444,out
-44.900824,-17.361106,out
-54.967818,-8.825431,out
-41.5,-12.433333,out
-49.292092,-14.198176,out
-56.487881,-2.063975,out
-41.423611,-13.160556,out
-61.2114,5.39944,out
-75.25305,-10.34055,out
-75.10583,-10.44555,out
-62.824417,-8.035028,out
-55.2167,4.88333,out
-79.010493,-4.514965,out
-59.937223,-3.085244,out
-61.133333,1.75,out
-60.86666,-14.26666,out
-53.06667,4.85,out
-53.16666,5,out
-59.1667,2.05,out
-61.333333,3.366667,out
-60.798,-3.045,out
-68.735281,-11.267088,out
-51.773575,1.576048,out
-57.995808,5.364139,out
-60.178431,-3.264106,out
-60.19969,1.122796,out
-71.49692,-13.02753,out
-61.525637,-4.939886,out
-60.029348,-2.601241,out
-73.88302,2.50896,out
-48.433113,-1.442873,out
-60.50916,-2.48361,out
-59.85071,-3.06021,out
-75.55,-10.1,out
-72.02,-3.3,out
-59.733333,-1.983333,out
-56.375193,-4.349866,out
-58.7269878,-2.3065914,out
-78.27388,-3.11361,out
-52.283333,-12.816667,out
-44.391111,-17.6575,out
-47.83425,-15.983285,out
-58.25,5.53333,out
-62.2833,8.46667,out
-47.376974,-21.046849,out
-47.0685,-22.6294,out
-57.65,-19.016667,out
-56.0767,-15.8658,out
-55.094421,-15.899607,out
-45.8816667,-14.7116667,out
-48.283459,-18.526441,out
-44.895367,-20.181414,out
-48.021748,-16.507177,out
-47.340697,-7.374044,out
-51.8103,-16.9567,out
-60.058639,2.48175,out
-59.672396,3.741378,out
-46.708596,-19.842629,out
-44.223413,-17.349995,out
-59.68362,-10.432716,out
-60.58,2.83,out
-47.604525,-16.72087,out
-44.051404,-17.577599,out
-58.8278,1.53056,out
-61.1167,6.71667,out
-38.933056,-4.296944,out
-59.9483,7.69833,out
-59.9625,7.82833,out
-59.65708,5.06622,out
-60.1833,7.43333,out
-48.312662,-1.192803,out
-59.7075,7.37611,out
-53.251667,-13.15,out
-54.4667,2.21667,out
-64.699944,-3.396369,out
-56.065736,-1.180884,out
-59,-6.83333,out
-55.8658,-1.7658,out
-67.272252,0.029737,out
-57.047637,-1.086755,out
-66.101124,-2.52207,out
-55.788711,-5.648425,out
-55.1364,-3.09,out
-59.940904,-2.964358,out
-72.648236,-7.631054,out
-73.3675,-12.7339,out
-60.9881,-1.4108,out
-61.927222,1.098889,out
-61.851,-0.97,out
-60.083333,-2.316667,out
-52.5,3.18333,out
-52.450184,-0.912692,out
-58.66,1.58,out
-54.996748,-2.710765,out
-54.301699,-2.810856,out
-58.7839,1.35611,out
-63.9039,-8.76195,out
-51.62,0.18,out
-76.8935,3.59997,out
-75.8933,1.61333,out
-72.118215,7.587902,out
-76.340592,-0.131031,out
-55.447913,-1.898814,out
-61.741388,0.3225,out
-59.4,3.166667,out
-44.254664,-2.564458,out
-62.545778,1.177111,out
-54.038015,5.463418,out
-68.73694,-12.65638,out
-51.666667,-20.25,out
-48.387402,-19.171123,out
-43.968593,-19.757779,out
-65.45,3.183333,out
-67.85,-16.2,out
-40.2,-10.366667,out
-44.887797,-8.689462,out
-72.4233334,5.2922222,out
-47.933072,-22.035541,out
-47.9966,-16.5963,out
-62.72,6.25,out
-59.9758,5.38472,out
-40.248611,-10.517222,out
-54.9328,-10.0575,out
-67.0411,3.95889,out
-67.41666,5.85,out
-47.116667,-22.183333,out
-55.31,-11.115556,out
-47.966667,-15.516667,out
-43.755556,-18.556389,out
-47.866667,-8.833333,out
-49.811425,-16.03879,out
-63.05213,-7.531411,out
-46.951321,-22.451339,out
-48.285427,-18.875284,out
-45.942222,-14.776389,out
-47.155015,-22.294202,out
-50.215,-16.1269,out
-55.930278,-9.597222,out
-49.56852,-20.593388,out
-51.728187,-12.334282,out
-49.873514,-24.072618,AF
-48.24446,-17.326876,out
-48.213612,-18.86531,out
-59.4833,3.38333,out
-61.333333,3.3,out
-60.79834,3.04509,out
-59.4167,2.83333,out
-73.035785,6.942517,out
-47.753224,-21.108827,out
-45.60028,-11.89304,out
-74.981885,6.020247,out
-61.93072,-11.201529,out
-50.126595,-18.869482,out
-68.158363,-12.6908,out
-46.143722,-14.473387,out
-61.330818,2.997267,out
-72.592998,-12.774655,out
-66.648751,-14.877714,out
-39.440688,-7.285037,out
-49.274171,-1.306256,out
-45.493333,-11.118611,out
-74.710592,3.544352,out
-60.879167,2.9925,out
-48.2,-15.7,out
-59.346409,-14.766173,out
-61.1558676,2.7613911,out
-46.49853,-16.492884,out
-73.635,4.1533333,out
-73.216689,4.233472,out
-49.583056,-0.983056,out
-49.460247,-0.959724,out
-61.41666,3.36666,out
-51.45,-18.91666,out
-49.411031,-16.530977,out
-48.220272,-21.804685,out
-45.883333,-6.616667,out
-60.823392,3.117763,out
-67.61705,5.391656,out
-56.097087,-5.131321,out
-46.25,-19.333333,out
-51.846111,-15.894444,out
-74.38,-10.75,out
-56.24,-10.37,out
-54.466667,-10.416667,out
-59.108482,-11.657553,out
-50,-16.166667,out
-61.05,4.75,out
-59.25,2.5,out
-51.233333,-10.166667,out
-49.5289,-11.7969,out
-48.53333,-17.7,out
-48.205774,-18.951119,out
-48.366667,-14.05,out
-66.67,-14.75,out
-56.021288,-16.703225,out
-60.107017,-4.446031,out
-75.228268,0.72304,out
-68.8493872,-3.4534506,out
-68.7822223,-14.5666667,out
-73.088935,-3.502549,out
-72.66666,-3.33333,out
-49.198611,-14.188056,out
-47.262296,-13.876836,out
-48.4233,-14.6983,out
-48.433056,-14.396667,out
-52.388056,-15.649167,out
-47.549656,-14.904591,out
-47,-14,out
-48.648999,-14.917791,out
-47.466667,-15.65,out
-46.23,-16.4,out
-46.383333,-16.666667,out
-46.5,-14.25,out
-48.088587,-15.688159,out
-47.816667,-15.866667,out
-46.642935,-11.815845,out
-48.464444,-13.925555,out
-50.557312,-13.039644,out
-63,-10.15,out
-53,-1.5,out
-72.896683,-7.604269,out
-60,-2,out
-54.028058,-1.95273,out
-69,-9.33333,out
-64.637222,-9.283056,out
-65.633333,-1.833333,out
-55.118137,-8.53238,out
-60.183333,2.416667,out
-64.123621,-7.463726,out
-55.681944,-10.995556,out
-56.5,-1.75,out
-61.359894,-4.800224,out
-62.649921,-2.255121,out
-60.075429,-1.885961,out
-71.940556,-9.105556,out
-71.14258,-10.06869,out
-47.6753533,-1.3224905,out
-65.0445,-0.752,out
-59.871967,-2.966021,out
-59.443027,-2.809537,out
-55.808943,-1.73033,out
-60,-12.21666,out
-55.75,-12.416667,out
-55.933333,-11.2,out
-54.538069,-13.079075,out
-68.8,-10.85,out
-53.291667,-13.618333,out
-57.674096,-3.386344,out
-61.016667,-12.216667,out
-55.711944,-11.623889,out
-55.048333,-11.873056,out
-60.0803661,-2.9078962,out
-65.66,-8.32,out
-56.716667,-12.366667,out
-56.629629,-13.12809,out
-52.189618,-12.621373,out
-63.21666,-9.08333,out
-60.316667,-2.75,out
-65.6897,-10.9397,out
-66.38,6.57,out
-65.83,-11.08,out
-76.5,-0.8,out
-74.2525,1.0844444,out
-76.363444,-6.534552,out
-92.027274,16.236873,out
-76.50472,7.24694,out
-53.685329,5.368633,out
-88.63,15.7,out
-76.21666,-0.95,out
-72.91666,-3.33333,out
-59.254167,0.737222,out
-64.878472,-9.629485,out
-73.46277,4.06138,out
-72.96666,-3.5,out
-74.90777,6.23666,out
-54.401724,-10.206387,out
-65.216667,2.95,out
-75.023015,8.053775,out
-76.53333,-0.51666,out
-45.788611,-15.363889,out
-45.588505,-9.281022,out
-40.633333,-11.165556,out
-48.266667,-16.333333,out
-41.65,-13.233333,out
-42.583333,-14.233333,out
-47.5913889,-15.5905555,out
-48,-17,out
-46.546005,-20.487518,out
-54.317471,-15.700369,out
-43.006944,-16.912778,out
-47.55,-15.533333,out
-52.75,-18.316667,out
-46.525805,-20.307364,out
-47.7239,-11.4877,out
-53.716667,-16.866667,out
-43.916667,-19.25,out
-47.601571,-7.340931,out
-42.557778,-14.553611,out
-44.18222,-17.75277,out
-41.833333,-13.516667,out
-48.167343,-10.164686,out
-40.397222,-10.753333,out
-53.006667,-16.844167,out
-48.348889,-15.484167,out
-43.062778,-16.474444,out
-45.478809,-20.445987,out
-41.834722,-13.595278,out
-48.8275,-15.781389,out
-46.716667,-8.633333,out
-48.95,-14.583333,out
-48.233333,-13.783333,out
-50.433333,-5.916667,out
-46.259722,-9.359722,out
-46.865995,-12.985588,out
-48.073499,-14.176855,out
-56.785278,-10.379722,out
-50.286458,-6.123479,out
-48.258611,-12.9425,out
-48.213888,-12.761388,out
-48,-14,out
-50.449948,-6.35546,out
-50.421667,-8.85856667,out
-51.128348,-9.996162,out
-54.667,-9.817,out
-54.85,-14.883333,out
-47.4583,-13.7975,out
-47.5247,-14.7056,out
-48.751153,-17.757049,out
-52.427778,-14.704444,out
-60.073889,-14.918333,out
-61.9161111111,-12.2780555556,out
-47.912121,-16.301583,out
-61.5,7.42,out
-48.833483,-15.850656,out
-48.240538,-7.291173,out
-43.1174,-16.3245,out
-47.5167,-13.7461,out
-46.8727,-17.2255,out
-47.566111,-11.22333,out
-46.890844,-17.984208,out
-47.768889,-14.138889,out
-46.943889,-13.738611,out
-43.918611,-19.710278,out
-49.160567,-10.465312,out
-50.726205,-11.629831,out
-56.586091,-12.636821,out
-54.967,-14.733,out
-61.382517,7.363591,out
-61.5,7.66667,out
-46.866667,-17.033333,out
-48.316667,-13.966667,out
-49.233333,-17.016667,out
-46.4775,-19.634444,out
-43.882778,-19.455278,out
-59.35,-10.2,out
-65.13574,-0.606924,out
-52.723614,-12.309302,out
-59.160362,-5.93909,out
-56.380353,-1.466318,out
-63.264887,-7.559556,out
-50.792952,-1.986802,out
-60.3200886,-2.5632024,out
-51.883333,-12.833333,out
-72.713708,-7.620937,out
-72.377433,-7.771292,out
-61.66666,-5.06666,out
-52.51286,-0.856924,out
-63.660432,-7.501607,out
-82.13,8.92,out
-78.319503,-5.070398,out
-61.4191,-4.85415,out
-62.244782,5.216286,out
-77.42,-1.57,out
-77.75,-5.83,out
-78.966497,-4.356999,out
-67.209444,3.969722,out
-60.2636,5.77667,out
-54.75,2.46667,out
-66.75,3.75,out
-64.13,-17.4,out
-76.2475,6.5389,out
-52.8667,2.23333,out
-73.473857,6.657164,out
-63.4604,-7.49792,out
-79.3441,-4.95333,out
-73.2622,-12.6808,out
-78.71,-5.22,out
-60.933333,4,out
-60.0304,-12.4419,out
-63.787222,-8.178333,out
-54.25,-1.91667,out
-61.147161,4.480566,out
-59.5167,3,out
-58.1167,5.36667,out
-57.95,5.71667,out
-59.4167,2.98333,out
-56.5,3.6,out
-60.359389,4.398972,out
-60.383333,-12.3,out
-51.09569,-0.04072,out
-61.0083,-13.55,out
-51.366667,0.733333,out
-54.9,-9.37,out
-60.203481,-3.193315,out
-61.1642,-4.4922,out
-65.75,3.67,out
-63.2154607,-7.836152,out
-57.204447,-15.63383,out
-65.045,-9.642222,out
-62.035796,-11.849938,out
-74.9685,-10.8831,out
-72.9192,-12.655,out
-59.5,-18.38,out
-43.678,-18.917,out
-48.080556,-23.523889,out
-50.15224,-24.54548,out
-49.736111,-24.352778,out
-54.715277,-25.069177,AF
-56.251021,-26.616163,out
-56.64858,-25.772744,out
-57.009808,-26.016467,out
-55.159454,-27.516933,AF
-54.100486,-26.630765,AF
-43.530035,-18.369961,out
-44.2992744446,-17.7046661377,out
-41.338611,-12.803333,out
-43.616133,-18.146514,out
-42.816667,-16.6,out
-43.742778,-17.810833,out
-55.759766,-22.191773,out
-47.82347,-22.7795541,out
-55.527029,-24.134811,AF
-55.810599,-24.500036,AF
-53.08982,-10.773109,out
-41.483333,-12.6,out
-41.901837,-13.249817,out
-47.78582,-14.98656,out
-43.742436,-18.0234644,out
-40.407778,-10.943333,out
-42.925623,-16.72194,out
-55.42429,-13.390249,out
-56.727778,-13.311944,out
-54.973229,-10.202567,out
-56.483333,-12.983333,out
-45.44222222,-18.78777778,out
-41.316,-12.961,out
-49.7056,-24.2511,out
-50.479167,-30.258611,out
-52.698914,-30.508393,out
-51.687768,-30.080215,out
-49.249944,-24.250017,out
-51.712777,-29.916216,out
-54.100719,-29.348866,out
-41.833333,-13.216667,out
-45.2453,-18.2128,out
-48.166312,-15.819342,out
-42.9786,-16.6349,out
-47.657014,-17.903753,out
-44.559264,-18.352549,out
-47.273056,-20.164444,out
-46.691644,-18.979942,out
-47.498611,-13.973889,out
-42.496111,-14.16,out
-43.603056,-18.211111,out
-43.5,-12.716667,out
-41.2,-11.583333,out
-41.376389,-13.083056,out
-43.536454,-18.278998,out
-43.312,-17.08,out
-43.75,-18.1333333,out
-55.53333333,4.95,out
-48.079065,-1.07669,out
-52.2333,3.68333,out
-52.206198,4.5632,out
-51.2125,-0.0144,out
-60.137203,-2.77925,out
-46.613278,-1.281694,out
-52.532252,4.045789,out
-48.113981,-1.15102,out
-48.333333,-1.333333,out
-74.93333,5.88333,out
-64.24777,-10.75527,out
-60.025864,-2.454516,out
-60.22835,-2.87155,out
-70.34411111,0.591777778,out
-55.6125,2.810278,out
-76.247013,4.29314,out
-64.943333,-9.6058333,out
-66.5,6.3,out
-58.683333,-4.166667,out
-66.680998,0.279496,out
-61.010444,1.486694,out
-64.5133,4.0411,out
-58.9207721,-2.944841,out
-58.7667,7.31667,out
-48.539643,-22.755679,out
-67.55,5.45,out
-52.607,-9.731,out
-73.65,-7.483333,out
-72.613681,2.56722,out
-76.28,-6.27,out
-75.0831,-10.38,out
-83.1167,9.10183,out
-77.98,-1.5,out
-67.57,-15.58,out
-72.5014,-12.4472,out
-64.255128,-9.407414,out
-60,-7.25,out
-61.41416,4.69333,out
-68.693214,-10.87552,out
-68.75,-10.066667,out
-64.98333,6.35,out
-54.472434,4.812225,out
-54.330278,-2.56,out
-62.76,3.88,out
-54.873889,-3.935556,out
-61.586399,-0.837748,out
-59.25,-18.66666,out
-61.53333,-13.66666,out
-60.39972,-14.80388,out
-54.9153972,-9.0949088,out
-75.066667,6.916667,out
-59.5716667,-18.3280556,out
-60.81277,-13.89861,out
-61.260952,-14.509068,out
-46.336647,-14.817527,out
-45.919167,-15.408056,out
-57.516667,-7.583333,out
-52.1919444,-15.7838889,out
-47.225277,-12.814722,out
-46.032975,-20.658889,out
-44.712363,-15.606684,out
-88.967374,16.953071,out
-47.814472,-13.533399,out
-45.215077,-7.907511,out
-67.427438,-15.51753,out
-79.512474,21.909685,out
-48.106822,-0.865652,out
-64.526698,-9.298774,out
-57.52944,-18.098629,out
-46.542865,-18.53353,out
-47.964346,-23.484015,out
-39.177801,-7.237598,out
-61.058698,-14.49205,out
-48.663481,-17.654663,out
-46.652388,-10.570093,out
-46.291187,-20.724293,out
-36.758112,-8.991843,out
-56.037145,-13.62064,out
-42.648477,-12.018877,out
-54.670332,-20.51305,out
-54.939147,-3.127967,out
-63.094389,-0.225075,out
-60.666667,-0.083333,out
-71.841037,7.800758,out
-50.209448,-6.043622,out
-57.446985,-19.021492,out
-53.339821,-13.69631,out
-67.205475,3.661316,out
-71.067877,7.923104,out
-54,2.88,out
-39.833171,-10.718277,out
-62.08,7.07,out
-54.473899,-16.6231,out
-47.993333,-15.638055,out
-47.818889,-22.084722,out
-52.083762,-15.327654,out
-42.646559,-8.792667,out
-47.61,-10.62,out
-50.629167,-16.989722,out
-37.154169,-8.627,out
-52.500625,-14.654382,out
-62.1833,7.73333,out
-56.018907,-13.254149,out
-38.477722,-6.266533,out
-47.239444,-10.578889,out
-51.793598,-17.802106,out
-38.163889,-9.126111,out
-61.660278,-0.660278,out
-39.825833,-12.869167,out
-67.8230556,-14.6644444,out
-60.5166667,5.7,out
-63.4038889,7.1888889,out
-58.278672,-13.012702,out
-62.060225,-11.242733,out
-41.385,-12.462,out
-56.9466,-16.067494,out
-41.55,-12.516667,out
-41.298611,-13.684167,out
-35.754042,-7.061739,out
-41.766667,-12.75,out
-49.548675,-20.695188,out
-56.08333,-22.66666,AF
-54.7597,-18.5069,out
-55.655237,-15.354457,out
-59.284928,4.785284,out
-58.6167,1.65,out
-59.9667,4.83333,out
-45.696566,-17.96304,out
-47.714667,-15.845927,out
-60.06666667,5.45,out
-64.372778,-8.659167,out
-65.51,4.55,out
-52.180716,-15.286299,out
-52.366667,2.883333,out
-65.9363889,5.7919444,out
-54.431668,-0.918121,out
-59.25,2.08333,out
-40.487184,-11.338049,out
-75.5819445,6.2697223,out
-62.790974,6.646263,out
-67.0833333,-15.5,out
-48.1666667,-15.55,out
-79,-4.00777,out
-55.1667,5.53333,out
-61.05,5.31666,out
-63.05,7.53333,out
-48.539744,-16.321144,out
-61.0288889,1.6255556,out
-47.96698,-23.577422,out
-43.529081,-18.180754,out
-35.467489,-7.621603,out
-39.39779,-7.353256,out
-79.6189,21.8706,out
-41.713831,-4.104647,out
-63.49423,-8.4941,out
-56.639259,-9.383073,out
-37.15,-8.555555,out
-45.311667,-15.345,out
-60.73333333,5.8,out
-61.156816,4.398443,out
-43.531352,-18.110902,out
-47.141945,-19.236,out
-39.717,-7.48227,out
-72.230084,7.833173,out
-62.69778,8.423703,out
-69.3011,9.6092,out
-61.116667,-13.233333,out
-49.055967,-22.486467,out
-67.348678,4.224528,out
-56.482222,-10.373889,out
-65.25,-10.733333,out
-63.41666,-17.68333,out
-63.53333,-17.45,out
-78.58333,-3.41666,out
-55.9833333,-22.6666667,AF
-50.588889,-6.594444,out
-51.455833,-1.736944,out
-44.009133,-19.861324,out
-76.594928,3.158125,out
-49.596111,-19.422778,out
-48.863056,-15.907222,out
-75.2497,-10.9497,out
-62.103694,1.360611,out
-56.783333,-14.216667,out
-49.023017,-23.025545,out
-52.65,-0.666667,out
-53.357865,-17.19664,out
-54.696631,-17.507971,out
-54.483333,-19.219167,out
-61.75,3.75,out
-84.042,12.167,out
-49.166667,-12.516667,out
-45.453889,-11.878333,out
-40.490556,-12.318611,out
-72.160028,4.348688,out
-51.03333,-16.38333,out
-60.36527778,6.343194444,out
-60.63680556,5.686972222,out
-59.96312,-3.162612,out
-54.709954,-20.340597,out
-50.418457,-24.500579,out
-59.803611,-8.364004,out
-46.325746,-20.626913,out
-42.412365,-17.156857,out
-46.449444,-14.556667,out
-52.7,4.0917,out
-40.6,-11.416667,out
-58.216361,-9.864336,out
-55.536113,-11.025764,out
-41.666667,-13.4,out
-58.825403,-11.463674,out
-43.865913,-16.720792,out
-52.716667,-16.305556,out
-54.91666,-9.58333,out
-46.705824,-20.356027,out
-43.045191,-16.575165,out
-39.468056,-7.411667,out
-39.186944,-7.474722,out
-61.5609,-8.5748,out
-57.370217,-9.204875,out
-35.399444,-6.074722,out
-40.5,-13.5,out
-40.348056,-10.666389,out
-60.604019,3.153936,out
-50.69104,-11.146803,out
-51.261381,-11.645024,out
-56.06469,-10.258125,out
-56.383333,-10.75,out
-55.942285,-14.320767,out
-56.417308,-12.376519,out
-56.270783,-12.451177,out
-56.33,-13.46,out
-56.54,-13.766666,out
-59.3,-10.316667,out
-54.833333,-14.816667,out
-47.144009,-20.53058,out
-52.078611,-17.97,out
-48.768026,-15.842324,out
-52.9375,-17.756389,out
-48.563921,-15.687956,out
-50.314749,-22.55194,out
-52.081671,-12.624001,out
-52.403381,-12.68387,out
-63.55,6.36,out
-72.277109,-12.673944,out
-47.7,-9.7,out
-72.7552778,5.0186111,out
-49.730601,-22.722271,out
-56.252778,-15.75,out
-55.7875,-20.471667,out
-50.2975,-6.015278,out
-48.438483,-18.888321,out
-48.533334,-17.8,out
-48.383333,-13.95,out
-47.545,-16.8136111,out
-76.507306,-6.42434,out
-35.712294,-6.965073,out
-59.919056,-14.489667,out
-55.598055,-10.96924,out
-75.71666,7.11666,out
-41.812222,-13.970833,out
-60.1301587,-3.1852354,out
-39.317469,-7.353366,out
-42.551111,-14.695,out
-65.8333,4.41667,out
-61.11666,5.16666,out
-48.8919,-15.7061,out
-62.934528,-0.969034,out
-41.8325,-13.131111,out
-58.36666667,2.333333333,out
-67.33,5.8,out
-61.67,5.63,out
-41.7703,-12.4186,out
-54.975402,-8.976937,out
-61.58333,4.5,out
-61.35,5.77,out
-43.539044,-19.292779,out
-42.816667,-16.533333,out
-55.944934,-2.994345,out
-43.925669,-18.584502,out
-50.441667,-16.321944,out
-36.475833,-9.098056,out
-50.148753,-6.064921,out
-42.45,-16.25,out
-43.857064,-16.956734,out
-54.133333,-10.45,out
-59.0666,4.08332,out
-63.9166667,6.1333333,out
-75.4583333,-9.9083333,out
-51.5,-11.5,out
-58.8242,4.63528,out
-54.23,2.75,out
-60.08333,2.31666,out
-65.6667,3.41667,out
-72.83333,9.1,out
-61.16666,5.32,out
-59.727778,-2.407222,out
-60.162583,-2.576472,out
-65.451944,-9.634444,out
-64.451944,-9.634444,out
-59.983124,-3.033857,out
-61.003765,3.446754,out
-63.7575,6.36,out
-63.116667,-9.166667,out
-78.9633611,-4.11025,out
-75.05,-10.5,out
-75.2803,-9.9197,out
-60.745,2.836944,out
-60.655801,2.903905,out
-47.740774,-21.568279,out
-48.623349,-23.135668,out
-55.398335,-7.094598,out
-63.3753,6.3517,out
-48.27,-10.08,out
-47.446389,-10.651111,out
-48,-16.03,out
-47.792477,-15.806102,out
-61.096734,1.689186,out
-46.450723,-20.178945,out
-63.940409,-8.836115,out
-44.40354,-19.260086,out
-52.924757,-18.651313,out
-61.111917,3.511805,out
-54.498604,-20.910855,out
-53.114246,-0.524903,out
-44.477803,-6.410516,out
-59.412584,-11.949629,out
-48.625,-17.7417,out
-47.899444,-15.661111,out
-47.6,-21.633333,out
-61.4753,-8.5344,out
-61.252309,-5.802174,out
-59.35,3.66667,out
-56.525433,-14.253493,out
-43.478109,-18.036992,out
-50.31723,-22.638882,out
-47.698858,-19.134813,out
-48.016667,-15.916667,out
-65.18911,7.413862,out
-63.391789,7.466954,out
-58.7042,5.19417,out
-59.8333,4.96667,out
-60.3,6.18333,out
-59.08,5.3,out
-36.575833,-9.518611,out
-61.322118,7.391248,out
-56.449,-1.69426,out
-65.8,4.5,out
-52.36666667,4.3,out
-60.093611,-2.383333,out
-59.096951,-2.900819,out
-70.2339,1.20659,out
-66.85,3.25,out
-56.339316,-1.594947,out
-66.95,2,out
-64.3333,-12.4333,out
-69.185313,0.612095,out
-64.3667,4.05,out
-59.94,-12.42,out
-60.830015,-4.274491,out
-64.526667,-9.132778,out
-63.457689,-8.751811,out
-73.4123,-3.79253,out
-61.980556,-10.006944,out
-66.25,-11.03,out
-61.7425,1.2822,out
-61.11628,1.841399,out
-61.2709,-5.0126,out
-60.9794,-1.345,out
-60.656389,1.384444,out
-61.104167,-4.903611,out
-52.916667,-0.916667,out
-52.02,4.03,out
-53.25,3.66,out
-61.16,5,out
-64.82885,7.623698,out
-59.85,-2.383333,out
-68.6567,-9.0658,out
-51.7671061,0.6108454,out
-57.165527,-1.150785,out
-58.85,4,out
-49.7136,-3.9565,out
-59.917827,-2.04264,out
-61.25,-1.75,out
-52.06666,1.05,out
-76.08,-0.87,out
-83.67707,9.889808,out
-78.517062,-5.632102,out
-76.262426,-9.95186,out
-76.117969,-5.896985,out
-71.429458,7.177449,out
-51.930282,-3.123221,out
-37.272575,-9.762544,out
-58.97361111,2.911111111,out
-67.987208,-11.472853,out
-65.666243,-16.711046,out
-55.11666667,4.88333333,out
-60.878849,1.2972629,out
-64.9332,7.01388,out
-56.133935,4.677366,out
-35.46,-7.74,out
-63.78333,6.05,out
-51.986389,-18.547778,out
-51.81666667,-17.0566,out
-69.083067,9.682245,out
-44.960472,-8.876361,out
-55.003507,-19.435544,out
-44.313333,-18.691667,out
-48.330247,-22.718336,out
-44.863039,-18.307309,out
-49.388889,-22.670556,out
-65.33333,4.96666,out
-49.157276,-22.430413,out
-40.318333,-10.543333,out
-52.636044,-21.797473,out
-48.980458,-22.469702,out
-61.689352,3.387506,out
-72.48333,10,out
-64.2333333,6.7,out
-68.2,-13.6666667,out
-45.588611,-11.163333,out
-55.679706,-10.81943,out
-46.983322,-22.616482,AF
-88.486488,16.366911,out
-43.641138,-19.444871,out
-51.733333,-17.083333,out
-51.666667,-17.983333,out
-61.86611,-16.59611,out
-54.56911,-18.130999,out
-47.824675,-14.174667,out
-47.938333,-19.375,out
-48.631667,-18.657222,out
-60.75422,3.29104,out
-51.783215,-20.742982,out
-61.25,-13.544444,out
-47.071557,-21.771873,out
-66.5,-14.5,out
-46.956794,-21.603138,out
-56.237683,-15.374414,out
-70.45959,8.522995,out
-46.166667,-16.35,out
-36.392222,-8.2075,out
-46.904722,-18.970556,out
-47.529472,-11.147083,out
-48.088123,-16.009153,out
-52.425824,-21.686624,out
-47.905833,-14.235278,out
-46.4688,-10.5698,out
-49.014262,-22.343709,out
-60.73,5.1,out
-50.5,-10.416667,out
-51.111901,0.125904,out
-54.891666,-19.620277,out
-55.333333,-17.833333,out
-63.333333,0.816667,out
-47.616667,-9.416667,out
-60.6167,6.06667,out
-48.987748,-8.533265,out
-48.085695,-21.712218,out
-48.514385,-10.694418,out
-43.576563,-19.379224,out
-49.783333,-20.483333,out
-56.281322,-4.420399,out
-51.578889,-17.075556,out
-43.928611,-17.9825,out
-39.289651,-7.596272,out
-40.260833,-10.432222,out
-54.216667,-10.433333,out
-58.366115,-10.360046,out
-48.526111,-23.301944,out
-49.360382,-24.21272,out
-51.714444,-17.881389,out
-49.178426,-22.784884,out
-63.31,6.36,out
-61.3667,5.05,out
-56.95,-10.033333,out
-48.038045,-22.26488,out
-47.288889,-21.469444,out
-67.1667,6.4,out
-46.283333,-13.833333,out
-46.071388,-11.438888,out
-45.783333,-15.15,out
-66.744021,10.013791,out
-60.376077,-3.858446,out
-68.4514,-15.0103,out
-67.6608333,-14.6258334,out
-73.29447,-4.314206,out
-73.334364,-3.627688,out
-43.941559,-16.67449,out
-48.383889,-16.460556,out
-47.70192,-14.1167,out
-60.625464,-2.617747,out
-47.806111,-16.454722,out
-47.623044,-14.040967,out
-47.666667,-16.75,out
-43.883056,-18.309722,out
-48.25,-13.85,out
-64.759028,-3.4496,out
-49.8258036,-0.9555302,out
-59.440202,-1.245011,out
-57.3154163,-0.2000522,out
-60.541042,1.708787,out
-51.316667,3.6,out
-61.86407,-10.817975,out
-64.779611,-7.241112,out
-50.561847,-17.541506,out
-58.241031,-2.791802,out
-50.185169,-5.592107,out
-54.75,-8.75,out
-52.88333,-5.23333,out
-65.17725,-8.025306,out
-56.45,1.7,out
-52.006156,0.888727,out
-56.384887,-1.667384,out
-55.333333,-11.916667,out
-60.221731,-4.271036,out
-61.9891,-5.31237,out
-59.583333,-2.016667,out
-59.321524,-11.817083,out
-63.992222,-8.973056,out
-54.9395,-9.272111,out
-70.5061111,-9.4894444,out
-60.534111,-2.660556,out
-63.730299,-8.137223,out
-61,1.28,out
-65.15,-10.933333,out
-59.5821,-2.56028,out
-52.378662,-11.749486,out
-59.785556,-2.441667,out
-63.974945,-8.448422,out
-59.251207,-1.804192,out
-67.85,-14.15,out
-55.501667,-11.836667,out
-57.91666,-4.75,out
-60.058617,-3.010999,out
-59.961932,-15.014226,out
-55.2175,-10.889444,out
-55.594167,-11.873056,out
-51.861866,-2.562258,out
-55.779167,-11.709167,out
-50.053815,-6.074133,out
-58.413217,-15.065209,out
-60.037345,-12.513322,out
-54.902012,-3.445317,out
-55.0967,-13.0112,out
-65.066667,-10.95,out
-60.299722,-12.78,out
-60.1220584,-1.8344891,out
-61.2977457,-4.7243162,out
-57.833333,-4.583333,out
-67.67,3.92,out
-64.8167,4.98333,out
-65.1833,2.5,out
-67.0667,1.93333,out
-76.4333333,-0.85,out
-91.964524,16.287793,out
-76.48,-0.68,out
-54.928611,-3.052778,out
-78.66666,-4.3,out
-89.140056,15.402544,out
-52.34,3.17,out
-51.392222,-1.766667,out
-77,-0.4166667,out
-77.5666667,-0.7166667,out
-63.05,3.416667,out
-72.70611,5.29416,out
-47.123889,-12.621944,out
-54.422299,-20.162859,out
-43.388915,-17.931261,out
-43.804645,-19.694362,out
-46.372728,-20.251208,out
-44.227778,-17.911389,out
-46.930614,-20.925297,out
-54.875,-18.204917,out
-44.4308,-18.7564,out
-41.3,-13.583333,out
-42,-13.516667,out
-44.195774,-17.853814,out
-47.65,-16.033333,out
-47.67,-15.67,out
-48.63722,-14.822109,out
-38.44,-9.983056,out
-47.340471,-16.475753,out
-55.831417,-15.407306,out
-47.864404,-15.763425,out
-47.7019,-11.6938,out
-48.16112,-16.24834,out
-52.983889,-18.687222,out
-47.933333,-15.883333,out
-48.707018,-17.811778,out
-58.1,-14.333333,out
-43.654547,-19.357252,out
-46.485463,-20.722786,out
-48.6,-13.8,out
-46.840782,-11.615405,out
-44.97,-4.43,out
-57.25469,-14.759703,out
-55.436389,-11.030556,out
-50.116667,-15.9,out
-56.202364,-15.58664,out
-46.667222,-13.028333,out
-49.934444,-6.333056,out
-48.616667,-3.416667,out
-54.695464,-19.388505,out
-49.247433,-8.366426,out
-49.134011,-5.416365,out
-48.4425,-15.200556,out
-50.342778,-8.8587222,out
-59.098236,-10.26278,out
-48.355,-13.839722,out
-47.34333,-16.22111,out
-44.299167,-14.704444,out
-59.0667,4.15,out
-61.416667,2.9,out
-48.880093,-16.340099,out
-46.017882,-19.732069,out
-52.009,-15.845,out
-64.644248,3.033507,out
-71.4922,4.658539,out
-64.25,2.7,out
-44.009513,-16.872649,out
-43.413677,-4.891503,out
-60.5333,4.63333,out
-50.071538,-8.047616,out
-47.243333,-7.857778,out
-47.750278,-6.764722,out
-49.259167,-16.844444,out
-48.135278,-13.395278,out
-57.5833,5.6,out
-45.22914,-19.742911,out
-47.454167,-13.71175,out
-48.481869,-16.098532,out
-55,-14.966667,out
-55.067,-14.75,out
-55.533333,-1.583333,out
-48.36667,-14.16667,out
-54.583333,-9.583333,out
-59.904816,-2.434182,out
-60.014059,-2.192849,out
-76.366667,-0.833333,out
-76.966667,-3.966667,out
-63.328,-0.837,out
-65.13077,-0.2091,out
-68.7,-3.46666,out
-63.3745909,0.9016571,out
-63.547508,-7.494453,out
-59.86086,-2.729708,out
-55.219722,-9.332,out
-61.811111,-1.951944,out
-70.632789,18.881763,out
-74.5806,-9.4697,out
-65.862833,3.150051,out
-76.3161,6.4722,out
-73.75,-4.92,out
-63.585004,-0.613313,out
-65.5667,2.16667,out
-52.2681,-13.5522,out
-73.73,-7.5,out
-65.9667,2.78333,out
-63.3703,-7.96072,out
-71.3642,-12.9047,out
-75.05,-10.71,out
-73.5833,-4.48333,out
-73.67,-4.9,out
-72.2908,-12.7636,out
-72.149385,10.311331,out
-72.55,-12.37,out
-55.955086,2.212175,out
-55.75,-2.33,out
-63.166667,-7.3166667,out
-67.038988,9.954959,out
-60.750687,2.251704,out
-63.857639,-7.890611,out
-51.12,-7.78,out
-63.166667,-7.5,out
-64.5833,3.81667,out
-62,-16.42,out
-61.7482,5.64141,out
-63.12,7.58,out
-68.05,8.95,out
-60.705304,2.959071,out
-56.436734,-14.409066,out
-49.230143,-1.514421,out
-60.891583,3.46903,out
-62,7.26667,out
-64.392359,-6.521665,out
-68.6828,-14.6153,out
-67.7887,-12.9276,out
-60.72,-13.98,out
-74.689825,-11.259752,out
-46.44632,-20.243077,out
-44.039747,-19.000677,out
-46.924944,-22.302671,out
-51.128424,-29.761694,out
-55.576133,-27.284296,AF
-55.058685,-25.573208,AF
-53.663514,-26.258309,AF
-43.68525,-19.181342,out
-43.781061,-18.290703,out
-42.497976,-14.239482,out
-48.192945,-15.974897,out
-46.653611,-20.434444,out
-43.869909,-19.52849,out
-47.946567,-22.519997,out
-47.854722,-21.227222,out
-47.607153,-21.928348,out
-55.272005,-23.991534,AF
-55.618629,-24.247149,AF
-54.718387,-25.504575,AF
-54.544438,-25.621809,AF
-48.035633,-15.561252,out
-53.1725,-13.026111,out
-43.666175,-19.813258,out
-41.891667,-13.014444,out
-59.830217,-13.479054,out
-41.884722,-13.370556,out
-49.4619,-19.2816,out
-47.687824,-22.24218,out
-42.4656,-16.9519,out
-43.768291,-18.808636,out
-51.833051,-30.848876,out
-50.15235,-24.33498,out
-52.431899,-31.815694,out
-55.465492,-30.816213,out
-49.632544,-24.32639,out
-51.224302,-29.70263,out
-48.01666,-21.96666,out
-41.276023,-13.253351,out
-43.886396,-17.402817,out
-48.95,-15.88,out
-44.006663,-19.587923,out
-47.219578,-20.07652,out
-44.4564,-18.3808,out
-47.631321,-14.161744,out
-46.561372,-20.169628,out
-47.246751,-21.303793,AF
-48.034444,-19.674444,out
-43.603638,-19.31615,out
-48.083607,-15.927202,out
-49.5,-15.833333,out
-47.51865,-14.3403,out
-44.357161,-18.464977,out
-43.7215,-18.4293,out
-43.705,-18.182222,out
-50.444841,-1.642148,out
-52.533333,2.95,out
-44.406229,-2.383606,out
-59.323837,-2.942443,out
-59.25326,-2.952711,out
-48.499306,-4.23423,out
-61.72994,-5.122326,out
-62,-0.083333,out
-55.972881,-4.250702,out
-48.162018,-22.814349,out
-48.430153,-1.131146,out
-59.296546,0.854784,out
-67.4333,2.91667,out
-71.29575,1.01264,out
-58.965,1.33278,out
-55.559167,2.765,out
-56.941621,-1.2067814,out
-66.7,4.11667,out
-69.45,-13.2666667,out
-55.183333,5.416667,out
-57.75,-3.383333,out
-59.566667,3.333333,out
-52.5769,-1.1819,out
-66.2275,1.57194,out
-56.833333,-1.416667,out
-75.1667,-10.1667,out
-68.753006,0.345391,out
-62.76666,0.30138,out
-59.6838927,-2.69289,out
-60.029715,-3.097687,out
-51.736895,-0.182001,out
-66.8167,1.23333,out
-59.966667,-0.416667,out
-61.510314,-0.582163,out
-58.066667,-3.8,out
-71.95,7.167,out
-60.898097,-12.539156,out
-71.775,7.792,out
-69.28,-12.83,out
-75.3297,-10.41,out
-48.383333,-13.466667,out
-57.2167,5.26667,out
-51.09995,-6.86868,out
-66.76,6.55,out
-51.770058,3.73295,out
-66.84559,-2.774801,out
-57.216667,-0.883333,out
-67.58333,-15.91666,out
-66.14166,5.68333,out
-76.641126,5.694912,out
-65.044167,-9.542778,out
-64.810681,-9.156481,out
-67.616805,-8.294745,out
-58.6392,6.392619,out
-63.218995,-11.900484,out
-46.379602,-20.879344,AF
-49,-22,out
-61.81333,-16.76861,out
-78.83333,-4.91666,out
-53.416766,-13.018486,out
-68.7,-12.5666667,out
-63.68472,-17.45138,out
-42.353889,-13.974722,out
-63.00046,-8.00035,out
-48.903855,-15.043613,out
-47.677574,-18.046231,out
-88.448289,16.784325,out
-51.595106,0.926847,out
-45.857564,-15.233974,out
-48.060458,-22.752446,out
-60.244452,-12.719034,out
-60.822026,-13.16987,out
-60.163278,4.609399,out
-48.407655,-22.943443,out
-79.084537,-5.005,out
-67.942452,-15.539926,out
-48.192037,-1.982076,out
-45.868208,-20.488592,out
-48.424447,-17.784788,out
-48.178951,-16.322827,out
-44.299369,-19.333336,out
-48.902735,-22.49901,out
-56.496145,-1.353757,out
-60.823376,2.831614,out
-54.03618,3.648357,out
-68.498309,10.185334,out
-72.405259,10.194192,out
-53.75,3.41667,out
-66.38,6.15,out
-48.516667,-17.9,out
-71.698287,8.006724,out
-46.677362,-19.172913,out
-46.684036,-19.091707,out
-44.267222,-18.109722,out
-56.48249816,-14.51360034,out
-56.63333,-15.1,out
-57.6,-15.2,out
-77.131004,7.801617,out
-59.931389,-14.676944,out
-46.7925,-20.331389,out
-47.75,-8.566667,out
-60.997222,1.402222,out
-54.967428,-9.333985,out
-58.811922,-0.377463,out
-48.079722,-13.770278,out
-63.728056,-18.195,out
-40.508889,-11.171111,out
-51.4025,-0.0922,out
-44.483056,-12.194167,out
-72.48888,-12.61666,out
-65.95,3.1,out
-48.954194,-1.625278,out
-67.8166667,6.9666667,out
-66.5666667,3.6,out
-60.2833,5.7,out
-59.4167,3.06667,out
-57.666667,5.55,out
-50.214384,-24.636041,out
-61.023598,2.151083,out
-38.931806,-4.218056,out
-42.234722,-11.8075,out
-56.787066,-19.64811,out
-50.341694,-9.36449,out
-54.741326,-16.669307,out
-41.166667,-12.683333,out
-41.2375,-12.905,out
-41.866667,-13.45,out
-55.461591,-15.357045,out
-43.227239,-16.409763,out
-49.575271,-15.139575,out
-57.6083333,-19.2591667,out
-59.673187,-15.099987,out
-71.1,6.2780556,out
-59.554682,-6.833333,out
-62.26666,5.91666,out
-61.666667,3.833333,out
-61.61,5.41,out
-61.1,4.88333,out
-50.0002167,-14.0004167,out
-47.74068,-16.75,out
-52.143611,-14.846389,out
-70.739353,18.889615,out
-62.13,-16.08,out
-67.833333,-15.5,out
-67.25,-12.16666,out
-49.728511,-20.549136,out
-48.99564,-15.822284,out
-79.13333,-3.15,out
-48.2017,-17.4636,out
-55.533108,-20.474371,out
-68.2,-15.41666,out
-60.085556,-18.115278,out
-55.784444,-10.897778,out
-89.0158,16.8791,out
-65.73333,3.73333,out
-48.751667,-23.546111,out
-48.35,-9.75,out
-64.345278,-9.421944,out
-51.832289,-3.844178,out
-48.962667,-0.996067,out
-70.02,9.6,out
-72.62,4.2969444,out
-95.079789,17.138548,out
-56.0967,-15.5961,out
-50.171528,-16.06675,out
-50.26917,-16.090556,out
-67.552715,5.630227,out
-59.7856,-13.6633,out
-37.583333,-8.725833,out
-67.16666,-15.5,out
-47.266667,-19.333333,out
-48.15,-22.233333,out
-46.9424,-22.3724,out
-39.898333,-12.756667,out
-40.466667,-11.265833,out
-42.143333,-11.828889,out
-45.406944,-15.4075,out
-50.424444,-10.396944,out
-43.341389,-18.0925,out
-72.21347,-12.71847,out
-56.14625,3.79508,out
-71.7053,7.8336,out
-48.129227,-19.152134,out
-56.406975,-10.387908,out
-46.289722,-13.612222,out
-75.545658,5.917074,out
-60.786111,-2.548056,out
-59.246539,-15.321844,out
-85.4917,12.12,out
-63.62,-18.1175,out
-63.675,-18.1555556,out
-63.5966666,-17.4030556,out
-40.30001,-5.649982,out
-60.88333,-13.65,out
-49.673361,-11.540833,out
-48.147222,-8.364444,out
-52.708142,-0.927967,out
-36,-8.405,out
-50.7903,1.745054,out
-53.183333,-9.883333,out
-60.8,-13.65,out
-53.1736111,-19.0002778,out
-47.966667,-15.8,out
-49.80099,-1.797473,out
-59.867393,-13.34761,out
-53.897813,-19.010834,out
-57.024469,-19.243298,out
-52.955417,-18.920444,out
-54.9694447,-8.7294447,out
-52.3531,-14.6733,out
-52.91,5.05,out
-74.1,2.33333,out
-48.961841,-17.723165,out
-49.3794,-20.8197,AF
-48.039351,-19.085904,out
-46.661742,-20.269152,out
-56.182958,1.093362,out
-69.201811,9.884019,out
-58.3,-14.383333,out
-48.301944,-10.418889,out
-48.099444,-10.451667,out
-46.58,-14.521667,out
-98.057762,20.203217,out
-53.2166667,-17.3,out
-54.8833333,-18.9166667,out
-52.772021,-17.549061,out
-50.149864,-14.34845,out
-60.310682,-14.261345,out
-51.4166667,-18.7,out
-50.640833,-1.828889,out
-76.580975,3.379432,out
-43.950833,-19.100833,out
-45.24722,-6.878611,out
-56.778011,-9.332036,out
-67.71666,-16.15,out
-67.61666,-12.45,out
-48.523917,-23.04875,out
-41.766662,-13.188433,out
-48.964444,-23.185,out
-49.184444,-24.071111,out
-54.53,-9.38,out
-56.977052,-14.257745,out
-56.45,-14.333333,out
-56.364167,-12.623611,out
-56.427778,-12.599167,out
-56.29,-13.51,out
-59.772208,-12.249518,out
-51.159444,-17.174722,out
-52.140833,-18.544167,out
-49.119181,-22.89074,out
-43.8897018432617,-19.6271991729736,out
-45.918722,-20.827716,out
-46.991193,-21.007436,AF
-60.166667,-12.75,out
-67.85,5.33333,out
-45.61159,-20.315804,AF
-49.279193,-14.889585,out
-61.88,8.03,out
-67.8,5.23,out
-58.966667,-4.116667,out
-42.3225,-13.711667,out
-43.690556,-18.331667,out
-49.561944,-19.273,out
-42.576944,-14.757778,out
-43.445578,-16.490719,out
-41.018056,-11.671667,out
-41.234167,-13.397778,out
-41.266667,-12.466667,out
-42.2075,-13.993056,out
-46.082884,-17.944405,out
-66.098861,5.624376,out
-41.3897,-12.5633,out
-42.808333,-15.22,out
-41.216667,-10.35,out
-60.21422222,5.601194444,out
-43.985178,-18.290473,out
-41.288889,-12.241111,out
-61.36667,4.65,out
-41.364722,-10.448056,out
-63.68555,5.73444,out
-48.963889,-15.717778,out
-67.63,3.8,out
-43.775363,-18.978763,out
-75.32888,-10.19472,out
-60.850244,1.420803,out
-61.032775,1.804189,out
-52.693881,5.072174,out
-72.48,9.3,out
-55.753889,-10.980278,out
-68.303056,-10.564444,out
-57.883333,-3.833333,out
-58.84373,-3.073772,out
-63.38333,6.43333,out
-59.58333,3.41666,out
-63.13333,0.8,out
-60.682383,-3.734353,out
-60.042,-2.752459,out
-60.3608,-2.2761,out
-61.783333,-1.4,out
-65.22,2.87,out
-70.8,-13.28333,out
-45.071944,-11.044167,out
-52.23,-14.63,out
-76.554562,3.465575,out
-48.297222,-22.8,out
-60.386053,-12.525622,out
-45.283123,-19.687418,out
-47.4397,-19.8656,out
-48.748004,-22.819429,out
-48.466667,-15.266667,out
-59.942609,3.314355,out
-72.3403,-12.6403,out
-59.9167,4.66667,out
-55.72629,-15.302776,out
-45.006792,-17.400622,out
-61.23,4.92,out
-48.79491,-22.596629,out
-55.423006,-15.834635,out
-63,7.75,out
-47.5,-14.116667,out
-56.129534,2.024871,out
-58.083333,-13.333333,out
-54.615354,-20.413207,out
-47.826229,-22.247868,out
-55.987256,-22.50657,AF
-46.912473,-20.135505,out
-47.94,-15.738056,out
-47.843599,-21.964232,out
-55.0594,-3.39691,out
-56.917593,-10.934298,out
-56.225012,-14.573109,out
-56.18,-12.36,out
-56.254,-12.3557,out
-55.228042,-15.404145,out
-55.1,-15.116667,out
-48.118889,-13.468333,out
-67.6403,5.66389,out
-61.5,5.8,out
-58.7442,4.58667,out
-60.959567,-3.356944,out
-58.6289,5.0325,out
-39.183333,-17.516667,out
-58,5.66667,out
-58.75,5.33333,out
-40.215556,-12.915278,out
-39.05,-16.433333,out
-65.393,-10.7981,out
-59.056933,-6.794219,out
-55.9222,0.433352,out
-62.660088,-10.293751,out
-68.947147,-3.475463,out
-61.4978,-14.5431,out
-66.999755,-0.075666,out
-67.046046,-0.134536,out
-65.083333,-10.716667,out
-60.833333,-14.616667,out
-59.366947,-2.873795,out
-67.1333,5.55,out
-67.179775,0.937796,out
-57.6667,-4.41667,out
-68.158054,-16.477036,out
-67.399204,-8.728669,out
-65.371241,-9.706585,out
-67.441111,-8.451111,out
-59.017,-10.3,out
-63.05,4.05,out
-75.2261,-10.1403,out
-68.223337,-15.308996,out
-77.910138,-5.917844,out
-71.720964,-12.040978,out
-65.55,3.16667,out
-61.2415,1.03834,out
-54.917757,-2.879478,out
-52.0408,3.59028,out
-52.166667,4.333333,out
-58.85,1.4,out
-59.95,5.45,out
-70.764652,-8.282366,out
-54.96,5.45,out
-63.13,6.53,out
-51.776652,-3.129809,out
-49.633333,-3.966667,out
-47.524856,-1.506299,out
-51.799972,-0.133313,out
-56.0147,-2.240779,out
-76.18,0.02,out
-74.75,7.02,out
-73.049722,-8.235833,out
-73.0115,-7.4017,out
-72.7615,-7.3993,out
-73.917272,2.958443,out
-72.395806,-0.602343,out
-73.037315,2.545881,out
-54.100054,-1.78337,out
-52.233333,-1.733333,out
-54.937392,-2.660911,out
-62.6333,8.05,out
-59.645,4.196666667,out
-36.337778,-10.063056,out
-61.736,0.423,out
-53.3664,2.81639,out
-73.26004,-3.760634,out
-64.7625,6.36527,out
-61.176023,7.45769,out
-63.360811,6.823297,out
-65.8,10.15,out
-35.329468,-7.62104,out
-45.365734,-19.552436,out
-45.988889,-15.255,out
-50.07454,-20.411124,out
-55.449404,-23.976577,AF
-66.5,6.91666,out
-68.2,-13.76666,out
-73.14944,-12.81638,out
-52.133333,-20.916667,out
-46.903778,-20.290639,out
-48.0131,-16.7171,out
-46.457972,-20.488639,out
-67.6166667,5.6,out
-44.145792,-19.46167,out
-43.958831,-7.674803,out
-55.883333,-12.916667,out
-47.25,-22.25,out
-51.893948,-13.07392,out
-44.36637,-19.322179,out
-48.063322,-19.434759,out
-51.166667,-18.1,out
-61.00472,-14.73861,out
-84.761395,9.994319,out
-43.960428,-19.461871,out
-55.034894,-15.980445,out
-44.708752,-17.645398,out
-56.624232,-20.809443,out
-74.88206,4.552896,out
-68.83333,-13.01666,out
-59.1677,4.68456,out
-60.0333,4.8,out
-52.282736,-14.87219,out
-52.202718,-15.379013,out
-52.373814,-15.441082,out
-51.8,-17.15,out
-51.77,-17.25,out
-60.67,-14.67,out
-63.49,6.65,out
-48.21666,-10.31666,out
-96.743829,17.120132,out
-54.6356,-16.4708,out
-42.877778,-16.44,out
-51.559918,-20.450229,out
-48.134885,-19.085641,out
-47.633333,-15.233333,out
-44.564403,-7.78368,out
-55.179722,-18.666944,out
-50.91666,2.25,out
-47.392364,-13.902642,out
-49.234707,-22.834037,out
-47.823333,-13.678611,out
-48.894444,-15.792222,out
-47.520582,-13.887739,out
-72.909231,4.106537,out
-42.819167,-15.968333,out
-54.8916666,-17.6202778,out
-52.1583,-14.0503,out
-49.25321,-16.643143,out
-67.793073,-10.03756,out
-61.115582,4.588969,out
-72.69611,-12.8475,out
-57.570111,-19.206389,out
-50.4775,-22.619167,out
-48.63902,-23.049047,out
-51.8825,-17.2875,out
-89.062835,15.285694,out
-63.249851,-17.769822,out
-72.38333,7.71666,out
-54.708056,-2.443333,out
-49.016667,-14.366667,out
-63.5,6.75,out
-73.279521,-3.698109,out
-77.6666667,-3.8333333,out
-74.1666666667,-3.8333333333,out
-47.387628,-14.474406,out
-48.46124,-14.601021,out
-49.756111,-14.471388,out
-49.608889,-16.423611,out
-49.275147,-14.402946,out
-47.45,-15.5833333,out
-46.944367,-12.936789,out
-52.108928,-11.170361,out
-47.484444,-15.836667,out
-48.693344,-15.825025,out
-48.266667,-13.65,out
-60.01901,-2.884265,out
-61,-1.28,out
-49.4267,-15.2981,out
-50.466667,-5.983333,out
-55.92111,-1.30583,out
-55.490278,2.792222,out
-55.73875,-1.584068,out
-57.133333,-1,out
-67.874433,-9.955876,out
-50.9281,-17.7983,out
-67.627678,-10.07254,out
-54.82503,-9.268576,out
-60.908304,2.472619,out
-65.229848,-9.722907,out
-50.585202,-6.0323,out
-68.386188,-9.434849,out
-46.058225,-5.761451,out
-60.155564,-1.697808,out
-60.866667,-3.225925,out
-63.1941,0.5013,out
-59.783382,-2.716708,out
-59.001999,-3.146296,out
-60.035511,-2.534756,out
-61.021303,-1.804253,out
-61.2684131,-4.6587688,out
-59.833333,-2.516667,out
-59.9666667,2.8833333,out
-78.8531,-5.1044,out
-55.114583,-11.554264,out
-59.985833,-2.388889,out
-59.5,-1.5,out
-59.6854736,-2.3153702,out
-55.329401,-11.043418,out
-55.446667,-11.246389,out
-55.711667,-11.054444,out
-59.581346,-4.402388,out
-55.455,-11.365556,out
-66.3,3.416667,out
-55.25,-13.166667,out
-61.185369,-5.542539,out
-55.458333,-12.148056,out
-64.195556,-9.162222,out
-65.0191,-0.4141,out
-55.409639,-11.572306,out
-55.263194,-11.609778,out
-69.08,-11.2,out
-66.8333,5.58333,out
-53.2,3.58,out
-62.5333,5.68333,out
-75.90486,1.68258,out
-83.658623,9.476629,out
-70.01666,9.03333,out
-71.46666,7.68333,out
-71.019846,7.46777,out
-65.341909,-4.857338,out
-53.5,1.5,out
-52.63,2.45,out
-77.66666,-0.71666,out
-60.34197222,6.456166667,out
-88.310036,17.106657,out
-76.38333,-0.51666,out
-62.083333,-1.016667,out
-72.33333,11.01666,out
-71.69222,5.19611,out
-47.666667,-15.916667,out
-48.161171,-17.745856,out
-46.517222,-11.6025,out
-43.505872,-19.227045,out
-59.421389,-14.414167,out
-48.178333,-14.475556,out
-48.876944,-14.554444,out
-41.75,-13.25,out
-54.07265,-19.530891,out
-51.882973,-17.134416,out
-49.469289,-16.346758,out
-59.5,-16.03,out
-53.801939,-19.836138,out
-47.916667,-18.163056,out
-49.224866,-16.526109,out
-48.5614,-18.1425,out
-42.416667,-13.75,out
-46.4,-20.55,out
-57.53,-17.87,out
-38.35,-10.066667,out
-43.081389,-17.472778,out
-52.212339,-3.1962,out
-50.0003667,-6.00085,out
-47.35,-6.183333,out
-50.353056,-6.371944,out
-56.339071,-15.752964,out
-48.184796,-7.232174,out
-47.185,-15.3525,out
-48.644687,-15.377743,out
-51.267,-15.867,out
-50.171389,-6.155833,out
-57.632939,-16.049083,out
-46.79224,-18.174892,out
-44.205271,-19.496456,out
-67.339367,0.324267,out
-48.4597,-14.4739,out
-47.5,-14.5,out
-62.9667,7.23333,out
-44.282103,-19.485858,out
-49.218889,-14.476389,out
-45.82373,-20.593465,out
-46.580213,-19.493337,out
-48.522673,-16.798765,out
-48.7,-17.716667,out
-59.583333,4.183333,out
-47.7896,-18.0134,out
-47.65,-17.533333,out
-43.531389,-17.970278,out
-48.07155,-17.960408,out
-43.3,-16.416667,out
-48,-17.2,out
-47.280554,-21.209498,out
-48.537322,-16.048026,out
-62.8,6.7583,out
-57.5333,5.71667,out
-48.1,-15.55,out
-52.246,-15.851,out
-47.323889,-16.050556,out
-49.128424,-16.683962,out
-49.43874,-16.470744,out
-49.468387,-16.765701,out
-46.25,-19.15,out
-59.3667,2.31667,out
-56.306275,-14.419166,out
-48.0625,-13.526667,out
-65.1833,7.33333,out
-72.898611,9.591667,out
-76.958226,3.876273,out
-51.866667,-11.2,out
-63.476336,-8.037357,out
-59.264634,-12.069507,out
-56.977745,-10.327065,out
-75.6,-9.07,out
-59.8461,4.71,out
-78.32,-4.92,out
-71.9256,-9.2383,out
-58.3223,3.40214,out
-75.860616,4.709374,out
-92.036697,17.528443,out
-74.93,-10.28,out
-76.87,-0.73,out
-68.82,10.43,out
-67.25,5.58,out
-78.6703,-5.2714,out
-78.9025,-5.01194,out
-78.3486,-6.10916,out
-56.048239,-4.281376,out
-52.7333,3.81667,out
-67.0333,3.86667,out
-63.2074,-7.39511,out
-59.3,2.45,out
-67.581784,5.719139,out
-64.989136,-3.495164,out
-49.001064,-5.191567,out
-57.2853,5.18917,out
-63.1875658,-7.5925367,out
-61.318957,6.267746,out
-60.883003,3.869545,out
-60.666667,2.833333,out
-60.2594,-14.8533,out
-56.325833,-10.52,out
-66.25,7.6,out
-54.069167,-2.008056,out
-67.6534,-12.8544,out
-72.1833,-12.4167,out
-65.7211,3.14667,out
-63.122331,-7.575321,out
-63.776278,-7.706722,out
-64.856559,-10.607747,out
-60.251913,-14.629141,out
-75.3497,-11.1399,out
-72.3,-12.3167,out
-43.416667,-19.416667,out
-50.397979,-22.610263,out
-49.80112,-29.357516,AF
-49.86659,-24.333692,out
-48.375,-22.875,out
-48.5,-22.875,out
-55.547092,-30.861319,out
-55.14995,-24.986746,AF
-55.924658,-25.060996,AF
-55.533333,-26.116667,AF
-54.741037,-24.229935,AF
-57.007528,-25.228728,out
-43.684029,-19.498295,out
-43.77326,-19.412032,out
-43.471531,-19.12319,out
-43.785327,-18.900886,out
-41.335278,-12.077222,out
-46.229301,-20.603353,out
-48.074688,-15.815984,out
-41.506944,-12.723889,out
-41.416667,-13.666667,out
-46.961334,-19.615301,out
-46.767222,-20.4425,out
-48.166667,-15.916667,out
-47.944616,-15.96476,out
-46.056718,-20.918066,out
-54.583159,-25.367421,AF
-50.517454,-22.701694,out
-48.43409,-22.82412,out
-48.746389,-21.548889,out
-54.6316,-25.421194,AF
-46.800039,-18.668899,out
-47.790979,-15.677363,out
-47.5167,-14.2071,out
-56.1,-12.283333,out
-43.96858,-18.637468,out
-50.259164,-24.563037,out
-49.4633,-24.1131,out
-50.008056,-24.426111,out
-49.34298,-24.129261,out
-54.005,-29.687778,out
-51.0225,-30.070278,out
-51.3856695,-29.885741,out
-51.109109,-29.681882,out
-43.693889,-18.261389,out
-41.966667,-13.283333,out
-47.0981,-20.7844,out
-43.5717,-17.8881,out
-46.662545,-20.152402,out
-44.078653,-19.860391,out
-41.858056,-13.303056,out
-47.509516,-14.422521,out
-47.8275,-15.3675,out
-56.916667,-14.233333,out
-44.564375,-18.8116,out
-41.306667,-13.454167,out
-41.944175,-13.682439,out
-43.798291,-19.593139,out
-43.7,-19.052,out
-77.732367,-0.895407,out
-56.9911909,-0.9808896,out
-59.928125,-2.785349,out
-53.066667,3.25,out
-51.855384,3.817241,out
-52.343474,4.831474,out
-55.049336,-3.136528,out
-53.27757,4.823331,out
-56.455556,-2.428056,out
-48.03506,-0.752669,out
-69.0786111,-12.6125,out
-55.2667,5.31667,out
-67.5667,4.9,out
-45.638333,-21.166389,out
-60.77748,2.561977,out
-61.55,4.66666,out
-56.96666,-1.41666,out
-53.56,5.45,out
-51.983611,-14.751111,out
-56.918056,-13.411389,out
-41.063889,-13.961111,out
-60.095707,-2.640696,out
-61.367662,0.970788,out
-62.53767,-0.24781,out
-52.532599,-13.282713,out
-59.939968,-2.855466,out
-56.624368,-13.324922,out
-58.515862,4.267237,out
-56.310776,-12.586848,out
-67.13,6.25,out
-54.876111,-2.536667,out
-66.13,0.83,out
-58.17328,-2.714636,out
-83.78,10.5,out
-70.558,8.483,out
-70.642,8.55,out
-71.3,4.58,out
-74.92,-10.75,out
-68.67,-13.57,out
-77.9162,-1.60919,out
-63.575,2.742,out
-61.156049,1.290631,out
-60.509648,0.989343,out
-64.417327,-9.24255,out
-60.666667,-7.583333,out
-59.457779,-10.16716,out
-57.873333,-9.698333,out
-61.14638,-14.38916,out
-51.791661,3.828911,out
-76.5622,3.217128,out
-68.957894,-10.948677,out
-69.087883,-11.60311,out
-68.387159,-10.697691,out
-50.05068,-7.757667,out
-61.63,4.38,out
-56.054228,-4.40134,out
-56.2,4.71667,out
-60.975222,1.5765,out
-56.328333,-4.611389,out
-68.2166667,-11.25,out
-60.206099,8.339756,out
-58.15,5.97,out
